-1927.5,6280.82,-0.38
-6559.33,-1081.6,-0.86
-3414.36,-5582.8,-0.59
-5602.51,-3512.75,70.99
-5920.34,2890.13,0
6516.98,344.13,112.71
-1428.2,-6868.13,0.09
784.24,6838.8,0.03
-732.09,-6970.33,0.04
2366.51,6465.98,0.03
2445.34,6436.44,0.03
2376.63,6462.48,0.03
-5108.54,-4841.98,0.17
-71.86,-7018.95,0.04
-31.48,-7021.39,0.05
57.44,-7018.49,0
6272.09,-2875.06,0.04
6502.7,2555.76,0.03
28112.02,31431.74,22.98
-37087.06,-20056.64,-16.52
-12715.41,-40193.68,26.5
3922.18,-5349.25,-29.68
4904.63,4680.12,0.02
6878.68,1542.69,0.04
-70.48,-6962.68,0.4
7519.58,769.21,0.04
7519.59,767.46,0.04
7519.88,766.24,0.04
7519.63,768.19,0.04
7519.54,769.55,0.04
7520.66,758.09,0.04
5946.65,3682.81,0.04
-2591.01,2.37,6677.1
-3110.41,-173.07,6448.66
3453.3,6240.02,0.03
-2428.69,6574.41,0.03
6437.53,-1074.38,32.59
-7132.56,498.18,0.03
6693.61,652.54,0.02
-5903.55,2852.71,114.6
6142.7,2839.76,0.02
-34157.39,24567.81,-1913.69
4515.41,-6814.46,-0.25
-16194.67,38918.97,1688.57
-41780.1,-7866.79,-1049.49
42176.93,-3452.19,-124.62
41060.15,9505.59,1048.36
-37109.02,-20685.66,-670.77
37289.97,19661.49,802.21
28644.38,30890.63,1976.93
42029.65,3309.95,-157.82
-42165.79,703,14.23
-14605.36,-39538.73,-40.94
24501.91,-34293.8,-62.83
1987.37,6765.07,0.04
-70.13,-6961.94,0.15
-5496.94,-4572.56,0.04
7363,11.46,-0.01
-6686.54,-1247.06,0
3515.73,10390.15,0
8863.57,9549.16,-864.85
-6985.1,-347.07,-0.01
-5899.77,3891.93,-0.07
6748.68,-2230.14,0.04
2360.44,6466.03,0.05
-6958.04,891.07,0.05
-17332.93,27040.28,-5020.07
-6856.83,-1395.63,0.07
-41431.79,7727.91,134
39567.11,-14020.69,-2425.27
-42559.8,-2853.67,-787.4
42385.03,693.91,0.02
-41532.83,-8584.48,2376.33
-30185.04,-29744.11,1511.36
16215.55,38897.42,2048.77
-427.57,6960.53,6.65
22900.65,35417.99,44.62
32769.39,-26527.16,-62.35
26743.11,32605.91,24.79
34119.62,24785.97,28.48
22924.64,35383.34,10.02
22930.81,35409.25,22.88
22950.52,35379.92,-16.32
-36489.1,-21588.62,-2496.62
-35204.68,-23106.69,2120.12
18290.7,-37981.11,-7.83
-26437.16,-32839.05,-8.85
24449.41,34352.95,10.96
31248.73,28313.03,23.3
37635.05,-18999.44,-5.83
-26301.91,32968.34,-18.35
-9907.11,41262.63,284.66
-19281.14,-37488.81,-14.12
-6470.25,2788.3,0.04
2111.9,6739.31,0.1
1873.68,6803.29,0.09
2367.49,6643.62,0.13
790.35,7008.55,0.09
-36010.02,-21929.03,-3.64
-39233.16,-15448.02,17
6033.38,-3475.82,-0.01
-2910.85,6380.92,0.05
7047.53,421.21,0.04
6965.6,979.33,0.03
-6102.26,-3584.89,0.03
562,5627.83,3312.6
29025.8,30938.96,400.04
-41122.89,-10157.8,-534
42216.85,-3891.52,0
-1635.21,6664.24,0.04
-1831.76,6607.24,0.03
3885.42,-2108.39,5268.41
3978.55,-2180.17,5167.81
-5399.45,-2640.69,3409
5384.78,-4725.94,0.04
5162.78,4570.29,0.03
-4446.29,-4743.46,60.71
5577.92,-4357.2,0.04
-6456.68,-2674.1,779.01
-6543.62,-2496.33,0.12
-5590.8,-4456.89,0.04
-5642.95,-4391.83,0.04
2389.63,6456.44,0.03
741.99,-6773.24,0.04
2368.22,-6770.8,0.03
385.66,6940.73,0.04
5331.94,-4794.56,0.04
-3903.22,-5235.38,30.61
3205.43,42054.61,-12.74
41365.2,-8517.99,-1878.51
41808.65,5753.49,1719.43
-41137.12,-10966.67,-1119.59
-34615.33,-24630.36,507.52
6409.81,1123.68,37.17
-21847.43,-36563.81,-1645.12
3420.15,42046.41,-135.19
-41456.33,-7712.9,18.36
6110.58,41733.45,15.85
3176.97,42057.29,32.5
798.44,-3043.49,7150.76
-6891.23,-140.9,0.04
-6891.22,-141.27,0.03
22197.99,-35838.1,-22.85
-39019.95,-15979.02,-4.24
6533.94,-162.73,0.02
-6470.28,-874.17,0.02
4880.06,-5290.51,0.04
-2904.47,-5895.91,-1.38
8402.86,41323.13,19.69
-37524.46,-19230.19,15.63
1012.18,7006.07,-0.13
-2798.62,6220.67,0.03
3089.31,-6262.67,0.03
2838.55,-6381.29,0.04
24849.15,-34063.54,-13.69
-1578.64,6648.72,850.49
22673.3,35555.77,3.42
-24424.49,-34364.76,3.87
-3861.5,5274.06,3.95
-22074.88,-35916.36,4.38
17604.65,38319.89,-22.96
-1466.94,-6367.45,119.24
42255.72,2678.26,-48.79
41720.25,7094.49,68.67
-19913.18,-37409.61,-2443.93
27098.08,32685.15,462.57
8495.05,41592.63,1050.53
-31198.02,28288.75,2299.3
3411.25,-6088.73,0.05
-2976.37,979.21,6436.29
5014.72,-5030.51,0.04
6144.67,1949.99,2987.98
-5704.23,-3059.3,2970.04
670.08,6498.19,85.97
42160.01,-0.06,-15.15
-32947.73,-26313.89,1.81
29361.42,-30253.51,-20.72
-38774.51,-16567.75,-13.4
-7360.86,-41511.57,-18.83
15255.6,39310.04,0.39
-2855.89,5881.32,0.03
3845.97,6322.67,-0.03
-2321.64,6935.69,0.04
-39248.74,-14643.67,-7740.59
-36161.6,22021.19,-1471
-38349.39,17650.54,-1747.79
-39836.63,14213.04,-863.89
41635.31,-7103.62,-534.92
41275.38,-8635.5,-704.76
35147.65,23838.23,776.68
39539.18,15408.59,-1233.44
-36993.8,-20225.62,12.52
-41885.38,4929.76,27.33
937.1,42155.73,26.34
38324.61,17574.61,-13.4
-41879.7,4937.97,2.21
-6173.46,-3515.56,0.03
6721.79,2588.08,0.04
6954.2,603.53,0.04
6972.03,376.88,0.04
-817.85,6973.62,0.02
-3321.09,5952.98,0.04
33132.53,26076.38,-7.02
3853.75,5326.3,50.08
-32816.59,26315.9,-2140.03
4041.76,5740.12,0
5521.06,4608.68,0.09
1845.85,-6265.85,0.03
1854.04,6618.16,0.04
5345.64,5160.82,0.03
-3201.56,2025.06,6758.42
657.84,6875.03,0.04
349.05,6844.92,0.04
2089.28,6551.14,0.04
6715.16,2629.2,0.04
-31304.95,-28246.51,57.97
-5678.69,-4346.32,0.04
-40629.34,-11277.6,535.55
10423.68,40829.22,-60.57
-39528.01,-14683.72,18.25
6702.34,41637.51,21.69
-42072.49,-2789.12,12.27
-5101.29,4824.23,0.04
-5071.74,4855.06,0.04
6572.87,2865.46,0.03
-6342.91,-2787.25,1847.63
6492.77,2537.26,0.26
6488.57,2547.8,-0.05
6487.67,2550.51,0.29
-5765.3,-4232.32,0.03
-5050.95,4865.84,0.04
-20138.61,37057.85,31.07
-41958.43,-4191.55,21.19
-31935.11,-27543.13,-20.86
15699.52,39139.48,13.22
-31914.24,-27548.87,11.97
449.95,6939.09,0.04
5232.43,-4879.89,0.03
5330.4,-4771.02,0.01
7001.89,1488.06,-0.12
5113.84,-5051.53,0.03
-271.54,6998.82,0.13
2249.77,6505.11,0.05
383.46,6847.01,0.04
4810.23,-5294.56,0.04
6352.25,-2081.35,0.03
2033.56,6188.07,-8.14
-1540.77,6722.09,0.04
-8794.27,-380.91,0.06
76261.38,83106.17,112777.11
2200.83,9778.92,3519.41
-6225.15,1949.61,9.2
2330.67,6476.68,0.04
2250.37,6502.41,0.04
6975.34,575.49,0.04
-6672.69,-1852.43,-0.08
-787.44,1104.12,6688.92
-3348.43,5794.1,-0.32
6291.35,-2833.07,0.03
11369.07,16741.12,1041.57
-6338.76,-2166.91,4.82
3483.24,-6024.85,0.05
7195.13,246.92,0.04
2006.64,42427.85,1870.34
1752.28,3708.37,5083.3
6784.49,-1273.48,-3.07
-3613.26,-5453.44,20.63
-6456.87,856.32,0.87
-5198.06,4207.53,-462.48
-6384.54,-1669.57,-12.2
6410.14,-1068.08,-363.33
1996.36,-3399.39,6234.6
6582.17,1156.91,-86.74
5259.22,-3965.85,-10.6
6141.28,-2338.81,-16.63
6602.72,-229.55,9.47
-4392.43,4821.03,0.07
2403.68,6088.82,252.17
6473.95,1177.13,13.63
-5695.6,-3419.67,-1.4
724.95,-7354.92,-0.64
-1491.46,6370.89,-2.61
6580.52,256.63,32.07
-2625.84,-262.18,6855.67
6542.97,727.62,-20.43
3542.61,-2160.03,6753.29
-3624.04,-3271.02,6178.85
-3446.26,7031.41,603.03
-3697.73,644.78,6912.18
2890.02,-1255.86,7171.84
3323.4,-441.58,7095.53
-603.93,-2793.94,7314.46
6509.81,4388.52,0.03
6246.39,2051.64,28.61
5674.9,3324.48,-28.75
1859.38,6909.09,0.04
2601.92,-8987.55,0.12
-297.22,-2625.06,5954.41
3936.26,5287.49,10.21
-2466.11,2872.43,6274.93
2728.52,6007.03,20.9
-2921,5923.56,-42.49
-6394.91,-1337.92,42.59
-4581.27,4734.77,1103.3
-4136.69,5151.02,-18.6
-4061.44,5178.67,44.06
-6551.73,-648.94,27.52
95.29,-7147.67,3260.47
-7762.95,-324.95,681.56
2757.47,-1742.23,7101.41
2346.21,-2250.67,7146.46
1660.2,2378.8,7294.08
3406.47,-1896.48,6815
3739.17,-979.17,6888.69
-1438.23,-2529.66,7301.68
-5775.22,3157.58,-36.47
2727.46,5918.33,13.55
-5840.27,3077.57,-21.21
-2673.15,7579.01,884.34
-6336.06,-1821.48,-0.53
-6040.4,-2603.18,-42.84
5370.12,-4730.71,0.03
-5543.33,-3533.25,-22.86
-5427.25,-3883.39,19.02
-1988.35,3312.62,6816.87
-3513.06,-1826.97,6702.11
-6186.13,4609.94,1536.66
5171.87,2445.26,5394.11
-4585.09,6302.79,1030.09
-6224.92,-4706.02,890.25
600.23,-4018.16,6754.49
2964.08,-65.19,7270.55
-5648.92,-3422.25,29.77
-2706.2,5967.4,-8.34
-5621.16,-3435.56,55.55
-4959.27,-4381.51,-42.3
-1918.67,-6247.4,0.32
6317.19,-1497.07,28.56
5945.96,2698.84,17.33
2436.97,-6071.85,2.95
6261.02,3612.51,0.04
2522.78,457.92,7085.41
-4267.64,-5025.15,38.03
-2477.69,-6173.26,28.49
2490.39,-6098.57,-3.26
-1827.92,-6362.63,-0.43
-2743.29,-5993.67,-57.7
-3149.84,1357.64,6481.82
-1317.07,-6466.8,-23.29
5445.58,-3958.03,27.04
4654.92,-4594.2,8.17
6292.65,1666.35,-4.35
-5573.61,-3387.24,21.6
5080.51,-4152.16,28.55
5668.32,-3353.08,17.81
5075.06,-4106.49,-2.01
3736.42,-5394.19,31.43
3150.87,-811.03,7065.33
-3628.02,-88.49,6905.57
1396.69,-5326.21,5572.02
-2724.9,-3086,6664.79
-6829.65,-3900.96,538.6
-3070.02,7171.38,912.22
-4154.99,6533.86,1464.15
3248.31,-75.69,7192.26
-971.28,-3631.7,6301.44
3800.34,-5397.24,-8.55
5501.99,-3633.76,-7.3
-1758.25,-7085.28,854.42
3710.46,-162.73,6355.77
-6024.49,-2485.34,6.9
-278.79,6537.98,0.03
6766.61,-600.51,-16.45
4332.24,5018.22,-1.02
4073.41,-5186.83,192.8
6069.57,2519.01,22.66
6462.52,-1223.77,0.64
6228.84,-2007.37,-11.58
-1480.69,6621.4,-8.21
-4027.99,-5228.86,-132.7
6562.6,-593.21,-0.59
4662.25,4935.87,4.21
3391.63,906.34,6476.99
6430.83,1467.85,0.85
6365.17,1703.19,34.85
5121.89,4381.15,0.31
6094.82,2489.36,0.9
9269.42,-12836.58,0.13
-4783.39,-5338.38,0.03
4387.45,5185.43,0.04
4252.65,5042.92,1.94
3710.59,5441.55,-2.46
4839.55,4384.01,3.4
2635.77,6049.13,-1.39
-6191.62,-2114.31,52.71
1438.91,6441.56,-3.38
2709.48,6004.56,0.09
-3446.39,5610.05,53.14
-1758.85,6329.92,-4.72
859.36,6554.2,-2.92
24.21,6579.7,29.48
-5460.09,3682.17,-0.05
-4063.66,-8551.71,0.01
-6156.75,3671.58,0.03
-3930.48,5502.93,0.04
-5801.96,3236.28,-3.35
-4083.06,5168.1,-11.07
-2837.68,6053.35,11.04
4686.05,3.37,6198.72
-5448.6,-5502.19,886.31
2497.99,-7343.79,941.55
2284.7,-2242.87,7171.89
2816.02,833.6,7265.75
4329.28,-1989.73,6238.68
-3421.09,1021.66,7009.31
419.99,-7835.33,862.95
-6657.28,1332.21,-6.45
-6218.8,2182.49,13.22
4109.6,5839.5,0.05
1690.01,-2833.12,6573.41
-6639.32,-1452.06,-22.84
-4530.21,4701.22,0.4
-6309.05,1915.59,2.62
1113.83,-6413.38,-10.94
6390.52,-1366.89,17.02
-2906.71,-6140.04,-4.08
-2024.81,-6265.14,6.28
-509.79,-6779.03,0.97
6056.32,2529.62,-1.12
77,-2652.47,6879.05
-871.37,-6460.52,103.31
4550.48,-4735.64,0.04
177.52,-3078.17,6675.65
4918.76,-4288.6,0.03
465.09,-6715.97,-11.41
3044.34,-230.5,7227.34
-6289.59,-4632.64,836.93
-173.89,-3752.18,6844.37
3670.89,-818.93,6874.29
-6469.99,-1159.51,-4.54
-1588.04,7655.47,829.89
7490.05,2434.37,0.03
-1125.64,-3558.31,6945.72
5072.92,340.29,6047.05
-2604.3,10187.55,-2.84
3785.64,-5378.22,-0.11
2738.25,-6218.69,-1.62
-611.5,-6529.13,3
2633.31,720.24,6804.5
5501.07,3524.55,11.4
4204.16,5070.73,-3.14
5250.5,-3924.32,0.03
3973.39,-5323.15,3213.13
-1866.08,6582.1,88.43
6313.17,-1799.55,2.68
-3377.73,-6373.75,0.04
-191.53,-6559.9,-6.57
-2142,6978.98,0.03
-4585.36,-4703.78,3211.06
-1494.81,-6462.16,9.54
5775.88,3576.92,0.03
3822.15,5342.2,14.83
6382.54,1253.08,13.35
-4853.07,-4557.94,19.15
-3084.91,700.61,6652.33
6592.26,100.25,-5.78
5180.32,4396.98,-0.19
6277.38,-1745.21,0.04
6509.98,1323.67,-6.66
-1285.41,-6389.07,67.2
3245.15,5766.65,-1.54
5045,-3031.89,3875.63
2040.88,6303.82,-0.69
2195.41,6249.6,-4.26
7033.38,1324.37,0.04
-1942.05,-12893.46,0.07
-3654.24,6836.13,924.91
-7197.71,-2628.04,1440.48
-1408.75,7700.05,0.03
-4474.16,-1585.7,6220.44
2486.55,6688.92,3257.92
7490.06,-2361.94,0.04
-3981.57,-6724.27,930.44
1379.32,-2996.64,7140.6
-1059.37,-6530.38,-12.19
3553.55,5547.03,-4.15
296.7,6621.36,-1.94
3472.09,5597.78,6.42
-1665.31,6396.51,-4.01
1517.52,6470.58,4.7
3965.18,5184.34,0.04
-2325.77,6189.33,-5.93
2366,-755.29,6005.82
-4551.78,4775.39,3.72
-1982.53,6275.55,0.03
-5719.78,3378.38,-7.04
3271.39,5736.03,-8.21
-6616.69,546.69,7.32
-6546.19,704.64,15.05
-6489.11,1086.02,-7.53
-6312.02,2016.87,0.61
-6295.6,1879.3,0.04
-2021.2,6226.55,141.84
-6786.9,-301.33,-0.96
6403.28,-8166.21,0.24
2343.31,6213.38,-0.17
-6407.11,-1676.24,-1.42
-6055.94,-2510.43,11.73
4534.89,4696.51,109.25
-5926.63,-3321.7,-138.1
382.48,6509.42,10.57
-9531.5,6181.85,2926.46
-4500.15,-5090.54,-5.71
-4467.87,-5757.4,854.12
2514.41,-2440.84,6454.67
-2701.93,-6047.1,-4.64
3164.92,311.94,7156.42
3883.42,-1181.99,6645.67
-6499.95,-961.91,-5.25
1218.51,-2766.73,7185.88
2377.72,-1941.72,7156.6
3559.66,-1427.53,6775.3
4387.48,-59.19,6440.46
2764.97,-1134.6,7189.92
-4835.85,6094.68,867.68
4135.33,-5124.29,0.04
-2522.04,-7319.01,0.05
4095.51,-5151.81,-2.33
2772.4,6002.75,-8.32
-5026.04,-4374.18,40.9
-3815.37,-819.99,6259.64
-5373.4,3703.08,-161.63
-6700.54,-2465.04,-5.83
-2822.08,-266.42,6805.08
1896.22,-6524.45,5.9
-3540.04,-5607.96,-3.31
-9902.36,-935.61,-0.02
658.88,-6555.02,0.03
-5527.9,4760.62,0.04
-2712.06,-6795.35,0.03
2455.61,6085.62,-12.32
2429.47,-2319.81,7002.19
3601.14,961.47,6842.09
-5836.08,-5088.66,927
-3723.31,1979.43,6643.23
-1005.12,-4239.38,6518.85
-3720.49,-702.23,6856.43
3148.23,321.92,7160.81
2811.19,-2314.26,6954.89
-1297,7054.85,0.03
4813.95,-4793.66,0.03
1761.48,6404.89,-8.78
5373.24,-3740.24,4.56
-7998.41,-10845.33,0.03
5756.36,-3309.36,1.06
4774.92,-4999.51,0.04
6699.89,1132.35,42.74
6569.92,-923.61,5.41
5882.15,4364.56,0.04
-5043,-5291.83,0.03
2895.87,6044.25,-17.3
6599.11,-396.84,0.62
5990.55,-3923.57,0.05
-1044.97,6509.19,-6.75
6274.72,-2206.19,0.03
5400.46,-3734.99,-1.02
6181.78,2821.2,-14.72
6586.51,-170.13,0.03
6474.07,-1286.17,0.03
-6979.4,-2389.46,0.04
6200.6,2250.06,0.03
4278.2,5280.51,51.36
-5715.75,3575.88,-47.41
2595.35,6283.71,-1.07
5220.63,4122.57,0.04
928.33,6731.21,37.74
3554.37,5556.56,-0.29
2590.49,6233.92,-0.03
-5020.34,4510.71,-0.15
-544.78,-7786.16,8701.63
1425.87,6439.54,20.96
4965.48,6107.77,0.04
-2062.84,3520.31,6700.56
-5090.41,-5896.28,846.07
-708.85,-3104.59,7135.51
3017.59,-1764.58,7009.17
1327.65,-3524.81,6871.15
-2490.9,2966.62,6806.03
2041.8,3574.13,6651.06
-2526.99,-6895.45,814.53
-112.75,6559.5,45.04
847.84,6555.22,-54.04
6597.71,546.99,3.03
6188.93,3902.1,0.03
2236.02,-2743.14,6416.71
4898.63,-4401.5,-12.19
-4745.11,-4884.53,1070.65
-5386.22,3894.13,-5.32
-6061.7,-3829.34,0.04
-2186.94,6433.11,-0.52
6728.88,2853.24,0.03
-16743.21,-670.6,0.04
5108.06,4444.04,0.04
-5277.86,4282.39,1.71
-3860.9,6117.57,1450.58
-5755.31,3188.7,-2.5
-6414.54,-1547.03,-7.13
3184.58,6497.63,-0.4
5943.43,2675.38,6.19
-3609.8,-4703.24,5184.48
-5757.99,3259.91,-15.31
-6415.6,-1546.41,15.54
4596.04,-4625.85,10.46
-6472.41,1388.82,-1.49
33002.28,14737.35,-1354.36
-3551.08,5613.15,3.07
-6364.57,-2377.39,0.18
-6506.54,-988.03,-1.77
-4280.49,-2003.99,6273.45
7773.12,-1515.69,1018.12
2322.73,-2952.57,6976.04
1908.95,-3727.29,6753.57
-3317.72,1106.38,7096.09
-468.99,-3901.4,6939.02
-2154.45,-2505.97,7264.87
-2975.83,-1110.35,7314.28
4788.31,5003.43,0.04
-5930.85,-2941.14,-5.84
-3901.51,-5257.44,-4.41
-4965.32,-4318.32,46.88
-6252.52,3442.41,0.05
4283.47,-5000.5,2.17
-113.46,-3819.92,6303.98
-660.57,-6584.77,-10.49
496.31,6515.51,11.01
-318.14,-6558.14,156.41
6261.4,-1894.6,2.51
1790.15,-6554.18,1.87
106.63,-7380.61,0.04
-5333.73,-3887.03,-7.94
-3256.18,6067.53,0.04
-8496.9,3603.7,0.03
2789.41,-6000.77,39.13
4003.78,-5052.78,1470.41
7222.5,177.73,1333.25
-5713.86,3812.89,-13.82
189.71,-6521.93,60.78
-3034.87,-5870.38,16.21
-6748.87,-11688.11,5201.89
-1574.27,7064.62,1345.45
2936.63,5864.99,-0.77
4004.65,-5244.13,102.98
2010.71,-6218.5,18.49
6771.39,-485.06,-3.85
6502.12,1134.73,17.48
2485.29,6721.1,0.04
-1638.24,-6343.88,11.8
-6738.62,-1102.91,0.04
7616.75,-998.44,1429.29
-3269.06,-1860.53,6845.48
-319.3,-2960.88,7264.03
-4975.24,-4313.63,-6.44
-4050.95,-2514.49,6211.33
694.24,-5027.23,5971.28
4674.62,-779.86,6278.69
5951.81,4946.5,1365.07
-829.82,-3222.69,7117.07
1234.75,-2821.2,6605.45
7127.31,-1578.83,0.04
-31572.38,27971.01,662.28
-10989.67,5746.1,-10600.09
1700.01,6393.6,8.69
5868.82,3119.48,0.85
-3470.66,5534.67,-0.79
-1679.21,-6414.85,-0.81
-6362.7,-3318.03,0.04
-2408.83,-6902.99,0.04
-7226.18,-641.83,844.25
114.75,6754.39,-18.04
-5459.02,3655.76,-83.78
-7288.33,826.41,0.03
6058.83,2729.86,0.69
4081.78,-5209.51,16.84
6790.18,-1110.03,0.03
-1997.97,6306.36,0.04
-236.8,-6570.51,-4.16
-1769.29,6287.95,106.62
-2644.67,6279.93,-0.69
11118.5,4027.62,0.03
-3292.25,6559.85,788.62
5669.7,3319.63,-3.63
4128.54,5365.71,0.26
5302.3,5138.38,0.04
2961.21,5884.9,18.1
3433.16,-1415.09,6850.1
7156.14,2860.8,1479.29
5916.45,-2698.15,-0.91
-748.12,-7659.34,1533.45
-3106.73,-695.94,7142.38
2681.62,-378.7,7348.13
-2937.14,7231.85,896.38
6263.37,1769.95,4389.97
599.45,7722.37,1482.77
-1683.01,6401.48,-27.51
-1647.9,6316.6,-1.06
-4972.05,4308.75,118.91
6631.75,297.2,30.34
852.61,-6513.44,-13.59
-6453.92,-1105.66,-0.85
-2574.64,3290.05,5022.05
-3951.22,5342.64,-7.55
6381.92,-1374.04,-1.54
2508.2,-6015.26,7.82
-3730.5,5677.91,0.74
-4305.09,5257.36,-0.13
4787.16,-4472.42,2.22
-5901.56,2936.52,34.74
-2999.96,5940.78,28.7
1737.02,6629.73,0.04
4609.84,-3136.77,3647
1718.11,-6372.33,-1.26
-2167.03,3493.43,6704.04
-6162.17,2410.38,9.05
-3615.16,1469.86,6213.79
-1462.9,-2790.76,6626.07
-21016.85,5194.73,13334.03
-22391.23,11855.53,-269.63
-22267.74,12018.23,2639.68
-6124.51,-2543,-59.35
-4226.04,-1727.47,5764.76
-6180.53,2079.28,30.49
-6563.85,-802.69,-3.17
97.81,-6543.66,-0.79
-7056.21,1232.97,0.04
-5985.74,-2828.67,-4
-4765,-4580.18,-0.29
13916.82,16499.43,0
-2390.65,6185.8,47.94
-4044.78,-5459.31,-41.64
1442.2,-6467.35,-25.24
-6514.37,-89.82,14.08
-2768.77,1127.36,6732.53
-2905.87,-7276.68,970.99
2380.63,-6134.86,-1.14
-7799.57,906.52,553.85
-1887.19,7553.6,961.98
3746.1,243.5,6880.38
1444.98,-3338.63,6943.19
-2288.64,-2561.89,7021.89
-3079.01,1079.94,7070.11
3716.76,-1337.19,6698.89
2778.56,6167.03,0.03
-324.76,-6632.4,-2.13
3808.93,-5433.56,82.25
728.11,6502.57,38.06
-1269.12,-6524.16,-3.2
493.29,6049.6,2385.41
-6658.89,-278.89,0.02
6574.09,-1300.47,-3.86
2745.6,-6216.01,-9.24
831.34,6505.7,3.14
3997.65,-5271.16,8.89
2475.8,-2861.86,6333.73
-3595.84,12.71,6409.08
5559,-3907.66,-5.75
5684.84,3322.23,-0.77
2669,-5933.71,159.13
5977.41,-2842.22,-3.66
2718.32,-2191.26,6250
5098.58,-4075.07,64.28
4569.87,-4785.39,-1.98
-3503.82,-5938.88,0.04
-5685.25,-4599.43,11.9
1353.76,-6498.52,-11.75
6580.36,-505.4,-3.76
-3287.12,6580.13,0.05
4053.19,-5180.97,-0.86
6768.81,599.99,-0.11
-1639.05,-6707.17,0.03
6609.13,691.71,-3.62
6203.32,-2021.99,40
1654.56,-2302.28,6762.73
6461.44,-937,17.31
4433.58,-4941.82,2.03
5027.05,4572.3,0.06
6056.48,2748.26,0.8
2391,6173.71,1.86
5048.21,-4228.28,-1.13
-6624,-1977.41,0.05
5808.91,3172.6,2.47
4085,5340.1,0.23
2549.73,-2321.23,7034.52
4960.08,1035.19,5940.52
-4093.3,-5859.11,3196.09
662.8,-3849.33,6772.31
-7013.25,-2871.56,2012.88
1711.86,-4792.6,5960.57
-7329.32,2648.23,879.45
2927.16,-5874.42,-1.24
-2984.84,-1010.84,7231.8
9895.24,4066.93,-0.08
1025.47,6713.01,-0.71
2490.92,6162.47,-0.41
-1624.28,-6307.71,73.57
-1502.64,6626.6,-0.7
2177.56,2879.78,6175.45
-1723.58,6421.45,0.62
-1655.62,6590.11,-14.31
5950.43,2946.38,-0.1
-6290.11,-1930.08,-0.77
-17666.3,-1192.56,18316.74
8930.5,6978.31,-22619.39
23569.6,-7537.57,-6319.86
-2302.14,6389.53,-11.8
3686.61,5380.37,54.99
-5545.06,3591.59,-16.74
5550.98,3689.63,14.72
-4103.01,5416.62,-17.96
-6277.21,2186.89,1.74
-4916.3,4690.88,-10.59
6567.41,234.33,-12.17
6016.9,-2730.65,-1.14
-2841.36,1760.13,6003.29
6102.49,2265.89,96.71
5619.75,-3324.82,3.79
1475.26,7005.71,0.04
6543.21,1266.16,12.27
-6755.65,-726.36,1.17
-2230.67,-2733.59,6412.71
-6495.8,891.14,41.52
1223.1,-7333.54,0.04
-5757.71,-3259.87,1.02
4168.08,-5007.39,18.35
6414.74,4479.96,907.49
-2665.18,6068.89,17.09
-4236.02,-5315.5,-5.04
7018.95,-1351.95,1871.67
-5822.38,-3119.45,0.3
3054.34,-1154.17,6063.8
-2121.66,6265.31,6.04
-6566.45,34.39,0.03
-4457.13,-5508.73,544.31
-18435.98,-17462.11,2118.22
1586.51,-6349.4,-1.26
-12942.64,-19490.3,-10036.28
-19869.97,-14626.11,5707.41
3019.14,-2632.08,6733.95
1741.63,4994.4,5716.07
4806.45,-389.58,6168.42
-3797.58,-253.36,6841.85
291.19,-7690.78,1471.54
-3895.57,-534.12,6772.48
-1964.56,-4493.67,6115.53
-7796.15,-2.51,848.28
6428.11,-1404.55,-1.12
-315.64,-6788.12,-8.4
508.02,3933.74,6203.97
-6493.54,1327.23,21.49
-281.76,-6787.39,-8.29
137.88,6505.28,49.28
-281.68,7207.82,1338.91
-5296.76,4470.76,0.03
1168.29,-6542.94,1.62
-1906.87,-6905.51,0.04
-5352.79,-3954.36,4.38
5545.67,-3549.46,-0.85
39445.17,-14774.91,2082.93
15099.53,25706.49,-714.04
2423.65,-6346.24,-6.98
970.22,-6636.59,-1.09
-6548.29,2029.82,0.04
4924.23,-4609.81,-0.17
40450.62,-11451.4,2149.85
-411.79,10024.88,0.03
-2535.67,-6150.46,7.97
6774.72,-514.03,2.82
5856.66,-3027.4,-0.85
2313.01,-2523.02,6501.48
4926.8,4439.64,7.54
-6057.31,-2725.54,5.05
-3156.89,-1620.85,6432
-18425.43,-17570.54,1066.18
-19355.98,-14671,7699.33
12147.06,19585.38,11018.72
6225.99,2183.66,-6.5
-2038.98,-6359.4,8.38
3168.48,4004.36,5961.8
5117.81,4030.02,127.72
3896.1,-477.36,6812.48
1811.29,6908.41,3230.32
3096.26,-1057.61,7114.72
1274.12,-3692.5,6804.1
-2379.12,-2066.31,7182.54
-6904.6,-1614.95,3224.84
3338.67,-252.33,7014.73
-5862.24,2911.68,4.73
2097.89,6463.91,-5.52
-3195.6,586.75,5679.32
6415.55,1472.89,-0.83
2257.59,298.63,6784.15
5802.28,3533.98,-6.57
5055.84,4315.31,3.42
3996.98,5279.59,7.34
4017.81,1623.48,5932.87
5429.39,3830.59,-0.12
3048.96,-5901.92,4.78
-2479.91,785.19,6846.98
2399.12,6063.58,32.28
4340.21,5916.81,0.03
2720.3,-2284.36,6372.61
3682.98,6154.49,0.03
4848.65,4505.12,1.14
-7161.56,-8575.34,0.02
306.21,6635.21,-7.42
-1324.48,6664.97,24.32
-216.2,6590.24,-8.46
4583.96,-4853.8,10.73
1721.95,-7303.23,-0.44
-2553.8,6298.02,-3.77
-8197.22,-10109.54,1.85
2698.45,-2248.63,7035.57
-26812.48,-40711.65,32200.91
-3744.16,5488.54,5.15
-5310.08,4002.51,-3.42
-2384.81,6186.54,4.43
6099.71,9389.11,-22897.43
23374.58,-10196.85,-1205.45
-22808.3,11629.41,603.21
4767.33,574.2,10219.59
-6212.8,2208.41,-0.21
37.2,-3156.88,6626.61
6271.4,2104.32,12.78
6503.38,-1142.35,-12.19
-2881.48,5889.31,-0.81
-4524.32,5072.15,-19.42
-2715.01,-5954.26,22.46
-3803.61,5761.06,0.04
2071.52,-6934.23,0.04
-1496.04,11771.66,-10626.01
-645.92,6905.97,2358.95
1022.96,-6826.92,0.04
6921.72,2345.61,0.03
-6751.87,2775.68,0.03
-2577.01,6125.34,4.67
-5823.18,-3501.41,-7.11
4683.94,4643.24,-1.15
-1721.47,-1933.76,6884.47
2813.73,6050.1,-6.61
-2865.82,-5885.54,17.89
-4953.47,-4652.88,-1.36
-3755.65,5341.33,29.77
-1930.55,6363.33,-7.8
3188.1,-1595.43,6919.74
5925.46,-4107.12,2935.16
-56.45,-3124.35,7117.31
5463.3,3675.51,-0.85
505.32,-3301.66,7010.86
1396.92,-2755.05,7126.13
-2821.63,1093.2,7159.92
-2856.76,-6164.17,-5.08
6491.48,-2366.48,1884.53
-357.48,6498.98,49.19
6004.14,3346.21,0.05
-2843.66,1338.04,6635.42
450.77,-6780.31,-11.04
-38629.46,-15283.83,-7181.1
4115.01,-5096.14,-0.77
-6034.67,2728.87,17.72
-7091.48,-436.62,0.06
2169.32,-6250.87,0.48
-863.69,6800.61,0.03
6639.12,-3033.68,861.26
-1911.94,-2330.94,7252.22
-7010.13,-3452.55,957.75
-1814.12,3415.37,6830.64
706.01,7762.77,889.01
3083.19,-624.77,7171.87
3670.16,5472.61,-1.16
1672.59,-3092.72,7019.03
145.96,-7086.45,3312.02
-5987.58,-3744.42,3255.96
4904.38,-4425.4,24.38
5741.27,-3633.81,1.08
6662.65,786,3.17
-12731.73,-10655.79,0.86
-4755.15,-4625.69,-7.89
6519.97,1133.33,1.25
5507.82,3979.66,0.04
6233.73,-2279.95,-1.35
-9845.16,14691.72,-18354.89
-11836.77,15001.2,-16879.24
-23362.73,8340.91,5752.17
6267.4,2225.85,-0.55
-6350.07,-1526.46,132.03
3139.38,552.21,6630.2
-7163.52,-525.92,0.03
3002.18,2023.64,5696.35
5247.07,-4282.86,150.51
3472.1,5840.94,-31.79
3927.66,-5277.4,-0.76
-125.41,7749,1551.88
-15973.51,-19540.83,0.05
-7810.46,-812.34,-5.04
5347.56,3946.36,3.33
445.44,6614.07,7.12
1870.05,6354.24,-2.92
-5534.31,4089.77,0.03
6591.13,-526.6,-6.69
5485.99,3704.52,-0.15
6256.72,-2485.29,-10.41
3715.25,-5420.68,-0.84
-2904.82,6718.74,0.03
-778.66,6575.97,2.38
-2743.04,6055.88,2.04
6573.52,-854.71,-10.43
6526.31,2212.14,0.03
-5266.02,-4015.3,0.02
6318.13,-2053.22,-3.78
7271.55,770.47,0.03
-5249.23,4079.03,0.89
6605.99,415.48,32.03
6349.51,1720.91,-0.81
2789.57,-6586.2,0.04
-6135.86,2418.61,-0.33
6008.71,2713.65,1.01
-3196.87,5998.16,-67.21
-31465.63,-12204.28,0.05
-5645.02,3775.2,-10.13
-6556.91,250.65,-16.32
-5299.87,12309.63,-12294.22
6418.68,1358.53,0.29
-6201.14,1999.1,-1.34
-6488.08,-782.81,-0.87
1808.15,-3707.55,6603.33
4737.94,-710.9,6136.51
1955.23,-2431.6,7125.41
2794.01,-1915.01,6998.46
3237.09,-1694.21,6862.16
4137.51,-2061.35,6255
-6509.21,1200.93,1.72
-1215.55,-7115.14,0.04
24673.8,10049.67,1215.82
4863.35,4501.69,0.93
3380.22,-5632.63,-9.08
-5820.61,160.19,-3027.84
-39670.19,14233.36,-426.32
4344.18,1715.79,4768.37
-5796.46,-3545.15,-7.29
4678.4,5087.37,0.04
1241.61,4370.01,5775.57
-4489.39,-5101.09,-8.5
120.18,6637.37,36.29
6875.99,593.35,0.04
-5758.97,-3313.99,1.87
-2594.1,-1836.2,6624.43
-1647.62,-4545.61,4350.67
19796.04,15872.24,-2849.95
-19823.35,-15650.78,3410.76
18881.93,17137.21,35.73
-5771.04,-3084.21,1085.67
-3551.84,5499.87,6.17
-2351.29,-6187.48,9.7
1983.86,-3242.45,6855.9
2875.81,3780.82,6294.37
4600.87,-911.04,6301.45
3352.13,-413.07,7092.82
6474.54,1268.68,-0.85
-7220.02,2774.87,1405.4
-1135.52,-3896.69,6662.99
-5189.1,-5789.79,896.52
-3083.12,2259.97,6824.75
-3145.56,5823.45,-0.85
889.52,-2776.16,6766.19
-6029.21,-3313.26,0.04
190.32,7335.24,782.89
-1393.32,-6464.51,-3.08
-2387.48,19948.73,-8796.11
-512.33,6541.07,-1.24
1861.46,-6371.42,-12.81
-5197.76,4112.18,-0.95
-6740.27,-4127.77,0.04
-6817.18,-989.11,0.04
-5771.03,3380.5,2.65
-1017.09,6467.61,4.2
6380.63,1673.77,3253.73
-1110.89,-7201.31,808.71
3849.49,-5613.28,10.62
38937.32,-16138.87,-117.58
-4500.78,4797.32,1.62
5215.12,6381.27,0.14
6775.91,-526.01,-9.01
6648.57,2694.69,0.04
5605.14,3848.14,-4.91
2269.06,-2116.41,6160.59
6029.76,2907.96,-2.48
-2358.49,-786.23,6944.8
6453.11,1593.62,0.73
5708.09,3345.63,13.81
2440.21,-2005.34,7167.08
3661.86,-769.18,6816.11
-4716.32,4619.38,-1.27
-6987.76,-1163.71,3241.57
-3170.91,2030.29,6908.61
2999.07,-1592.57,7085.26
2932.98,787.81,7223.36
200.03,-3698.82,6910.76
-2552.15,-1024.41,7338.74
3638.59,5497.49,-0.94
6050.97,3006.55,3.09
-6656.34,-1964.79,0.03
1657.3,-2921.71,6559.1
-797.21,6604.03,-1.37
2345.67,6376.51,-7.89
-14277.67,2812.92,2982.3
-5844.08,-4101.27,0.04
4579.73,-4800.67,0.61
-6896.8,-546.54,0.03
4260.74,4946.57,-0.43
-1596.5,6455.28,-2.53
1319.18,-7008.73,-0.13
3394.85,5648.44,-0.86
-2709.44,-6004.86,2.78
3909.02,-6163.5,0.03
-2688.01,-1935.53,6557.6
-2354.93,6374.79,-12.24
6412.89,-1711.56,-1.29
-1284.26,-3715.13,5647.52
-2126.7,6452.18,-5.6
1654.07,6322.14,18.33
-1620.45,6974.99,0.04
-22600.75,11828.89,-690.89
-22892.55,11183.04,638.29
-22078.91,12550.98,-2310.36
-3592.25,5769.2,6.39
2018.85,-6617.22,0.04
7424.46,-8006.3,0.05
5814.39,3186.23,2.62
4273.61,61.11,5057.19
3802.33,-5338.75,0.77
-6558.29,1039.47,-3.26
5866.15,4866.54,0.21
-6655.72,953.71,2.54
-6486.31,-1317.79,-3.97
-2424.77,-1888.14,6685.62
3434.58,5709.77,-0.41
1781.37,2701.27,6068.17
4707.94,-650.05,6273.76
1538.81,6938.72,3321.23
2887.02,-704.85,7255.33
-4066.65,119.3,6707.03
479.52,-7745.63,864.7
-5991.35,-4918.98,902.93
3910.96,5304.6,-12.18
-5869.56,3027.85,-1.26
3706.7,1144.94,6733.3
-2584.1,7349.58,962.98
657.34,-3048.68,6647.18
5342.32,1380.82,5618.31
-4102.17,-5415.45,-16.04
-6892.06,-485.79,0.04
5179.15,13363.18,-3214.98
-6234.02,2380.52,23.1
-1665.03,3156.83,6467.58
7134.79,-1057.79,1308.79
-5794.59,3140.94,-1.16
3719.38,5487.22,-1.41
-5942.44,-2977.46,1.33
3491.54,-5953.65,0.03
-6481.94,680.08,10.82
-3720.44,-6131.99,0.03
5835.68,2888.4,89.36
3600.34,-1400.7,6282.49
6237.08,1854.83,16.66
6934.63,-1819.25,0.04
274.11,-6609.78,3.66
-6167.05,2364.57,-1.14
-4046.4,-5082.21,52.67
475.24,-3429.45,6505.32
613.56,-6588.16,-4.45
5600.84,-5264.76,1630.63
-6209.68,2359.83,20.61
1431.63,6739.72,0.04
3119.23,-6036.52,-7.97
-1395.61,-7658.75,0.05
-3942.18,-6549.76,1348.76
3108.44,-7146.1,0.05
-4115.34,-5106.26,-0.8
1008.06,-2688.26,7229.96
3004.5,3930.6,5987.4
-135.91,-7652.78,1431.77
7044.97,1574.75,0.03
-6541.11,2250.66,0.03
-5972.14,-2873.33,-19.81
-6101.34,-2581.59,3.72
6563.53,857.79,-3.73
3560.85,-5637.32,18.11
3567.14,-5792.03,68.12
1092.1,6438.59,19.48
-4730.28,778.92,4578.01
6675.75,582.83,-4.94
6880.49,-675.09,0.04
6733.64,910.09,-6.77
-478.86,7230.65,0.03
5714.7,-3674.77,-26.7
6672.48,830.57,-6.02
-2855.16,-5960.27,18.81
4415.98,5163.62,-3.27
5127.39,2497.91,3438.94
-3736.16,5434.16,-1.13
6280.31,3447.79,0.03
-1151.89,19390.5,-5035.55
7356.1,-2824.13,0.03
158.51,7123.67,3299.26
-2886,-4796.21,5488.95
-4671.8,-739.97,6265.05
-1034.49,-2762.28,7242.22
3622.59,6954.16,0.04
-4097.05,1164.36,6525.96
3645.29,-1097.49,6802.95
-6454.23,1366.43,-0.84
7323.72,-415.14,0.03
-1932.71,-2422.61,6640.79
457.13,-2565.44,6879.14
-1368.51,6795.33,0.04
1341.84,6662.27,137.77
463.86,-3588.45,6422.7
1556.43,6419.64,-1.9
-6239.12,2248.36,9.48
-3582.85,6210.98,0.03
1519.71,-6332.75,66.52
-1435.8,-6772.27,0.04
-3639.05,-5393.56,-8.64
3330.09,-5737.35,-1.67
-1587.58,-6322.31,7.88
4273.04,5064.18,-1.01
2211.75,6104.38,65.42
-2034.37,6291.13,13.97
6663.41,-3734.63,1426.42
-7149.17,-3017.94,726.81
4777.62,1016.07,6056.95
-3594.17,1012.98,6819.33
4378.62,117.06,6423.49
-6268.62,2043.59,-0.85
-2933.83,2477.65,6748.36
5634.14,3477.97,6.4
-5915.12,3038.21,-72.48
-21162,-13396.5,4856.4
-21177.75,-11594.17,8155.92
-20651.32,-14821.96,1602.11
3829.71,5449.45,7.32
-1071.87,6613.18,103.5
39432.04,-14876.41,-978.11
-5752.54,3613.47,-14.26
2356.1,-6122.66,80.3
5385.74,-3836.1,22.48
-6760.61,3005.53,0.05
2419.48,6460.99,0.03
4117.13,5201.38,17
-40680.18,11079.07,-91.41
-6553.4,-756.27,-2.56
1199.69,6546.99,-25.02
-41835.18,5223.64,-1351.54
-804.69,7111.34,0.04
-5651.09,-3444.7,-3.12
-5887.4,2972.03,-8.52
-6569.88,532.32,-1.16
-1044.65,7021.5,0.03
-1328.42,6524.3,0.59
2560.23,6045.6,-2.27
15473.5,-30301.45,0.04
3932.36,1805.39,5931.85
-4399.74,-4943.86,5.31
-5343.07,-3881.71,0.39
-2891.84,-6149.21,-5.23
-5732.21,-3852.96,0.04
4144.14,-1370.81,6445.44
6573.72,84.88,-1.24
3096.65,-2244.02,6773.64
1921.2,-969.36,7465.4
2937.12,-3786.69,6111.43
1373.76,-2311.08,7282.4
-753.33,7700.4,904.62
-395.61,-6614.36,-0.08
-1495.03,-6357.09,3.17
-6505.91,2828.13,0.03
3488.34,-5745.48,-19.03
381.81,-6782.13,-44.34
-22538.71,-3009.76,0.04
3407.56,-5680.08,12.78
4384.65,600.14,6518.8
-873.57,7750.13,860.4
-2993.02,-4656.95,5561.08
-4742.33,-278.59,6231.09
-1371.6,-2797.04,7172.63
-5232.5,-5730.51,930.8
-6516.07,-1008.66,-1.14
3486.52,1702.92,6751
3030.05,-1206.42,7078.2
5632.02,4684.7,0.03
1854.08,-2840.76,6519.99
940.5,-6865.7,0.04
-692.92,7349.42,0.05
5845.9,-2952.51,-24.29
-4758.63,-4608.31,33.89
-205.31,7014.04,1306.17
6185.16,-2347.06,-1.97
6237.21,1861.13,6.38
-5533.44,-3588.54,-1.15
-41726.6,4662.04,-1466.13
6607.88,-410.83,1.47
-1375.11,-6488.49,14.33
-2058.7,6871.6,850.14
2645.21,-6078.14,7.15
5959.17,2888.93,-0.31
-22022.58,12436,-3377.13
-21415.73,13042.24,-4896.23
-21766.18,12730.13,-3827.02
-3949.36,5219.88,29.99
-4791.14,-4557.67,-1.14
-6669.35,-231.54,4222.9
6414.47,1740.66,118.46
3748,5458.56,5.71
-6387.52,-2677.58,0.04
6765.54,2352.45,0.04
2182.67,-6335.48,-2.69
5177.33,4289.85,-0.39
3305.7,5768.12,0.92
5207.78,-3944.65,104.8
-1751.46,-1595,6958.44
-6025.87,2507.26,-0.78
-2113.26,-6174.38,7.74
40845.95,-10376.28,-470.47
-1313.92,6486.86,5.77
5702.28,3460.54,0.7
-2437.64,6150.98,7.36
-4681.11,4837.93,-0.47
-5965.09,-3110.84,-0.78
613.76,6562.11,284.34
-6241.02,2290.74,4.54
6425.42,1814.13,5.22
6588.42,385.55,-0.78
20953.73,14489.88,1000.24
-5582.18,8925.36,23209.17
-21946.83,-11311.78,6382.63
-3341.35,5915.05,4.87
1215.11,12469.54,5137.64
-6363.46,2729.64,0.04
-6643.63,1403.93,-0.87
-20536.56,-14890.87,-541.07
-6612.04,124.21,1.42
-6379.96,1420.77,3.88
4138.11,-6030.29,0.03
-1808.74,-6990.4,0.03
-6552.26,-924.8,-0.13
-5883.74,-3394.83,13.12
-6315.5,-2003.37,1.66
569.57,6607.17,-2.94
6382.71,1362.75,30.57
-3198.32,5870.38,-2.69
-8717.19,14730.43,-18917.84
-11587.14,-6037.74,21931.51
-14103.09,15278.2,-14809.51
-5049.05,-4173.93,-1.14
995.97,-6486.86,21.67
-2268.88,-6402.64,-8.86
-4542.76,-5520.75,0.04
-4538.45,4815.96,3.15
-2582.35,-1377.59,7213.13
-1740.49,-7545.78,895.86
-4077.16,-6584.41,893.88
-4480.28,-5471.77,3265.08
6732.5,3922.77,0.03
3088.13,2495.98,6689.66
-6469.94,1011.13,-9.26
-6063.45,-2580.08,-12.11
4445.42,4810.15,-0.54
5139.93,4353.82,1.01
3138.68,-3086.56,5036.42
-309.49,6505.52,26.94
-28.69,-6613.03,5.78
-5782.5,-3990.95,2218.77
-6594.54,-100.51,-5.29
3250.23,-5945.41,0.62
510.36,6583.24,4.72
4747.33,-819.29,6190.39
-3092.1,955.69,7141.82
-380.17,-6594.4,-1.12
-2172.48,-7494.71,854.84
277.16,-3588.22,6935.79
2831.7,-1882.42,7052.2
-1972.32,-5996.25,4667.76
3044.69,-2142.99,6903.32
3897.54,1531.77,6639.59
988.88,-3034.53,6652.43
3979.81,-5274.83,1.59
-6312.65,-1989.67,-4.83
4960.17,-4354.94,-1.95
1942.86,6236.74,-0.78
-2450.17,-6154.05,-8.16
4454.61,-4956.24,5.3
17733.98,803.29,-18321.3
-21447.92,-13673.31,-1225.57
-10276.89,5937,22587.04
6276.11,-2068.24,10.93
7134.34,-901.09,1432.81
4882.81,-4326.96,19.89
5613.14,3497.94,-17.36
3888.32,5485.91,2.14
-7082.66,-2659.42,473.59
490.45,6492.32,37.6
-6224.57,1993.13,20.1
730.43,6573.37,-8.84
6001.54,-2539.15,58.6
-3107.9,841.55,6632
-4841.25,4501.29,7.18
3032.72,5861.74,4.89
5561.94,1849.76,5293.88
-1504.7,-7476.55,1490.99
-2068.9,-7344.98,1462.55
-3693.13,5394.08,-1.24
2273.73,-1594.9,7274.46
1110.12,-2147.43,7382.34
1646.97,-7479.62,1383.05
1860.86,-3525.44,6681.43
-1378.89,6427.8,0.3
-4428.15,4883.73,-0.05
-6465.63,1010.59,45.71
3619.25,5527.71,17.74
-4880.75,4494.39,1.94
-6640.12,-325.7,2.79
4083.43,-5163,-1.15
6816.85,-42800.59,0.06
1198.05,6382.59,213.85
-677.62,6583.75,18.84
3092.14,826.89,5628.64
41904.78,3890.66,2325.18
-3032,-5876.4,5.29
-5534.97,4526.1,0.03
-3551.79,5612.22,9.85
2908.24,6305.67,0.04
6250.37,-1768.96,234.8
-6364.05,1458.15,28.51
2833.92,5874.89,62.42
-1343.2,2222.62,6904.04
3371.55,-5703.9,17.79
30316.61,-27179.9,0.07
702.28,-2807.84,7308.4
2881.11,-1840.1,7061.07
-1125.53,-7541.35,1549.97
3327.46,-1110.93,6953.99
5236.45,975.36,5734.38
-6150.73,-4725.41,955.95
4543.42,-4783.9,-1.14
-1291.91,-6998.45,3274.18
796.29,-3471.02,6978.05
3605.31,5517.55,9.56
6195.95,-2333,3.21
-5242.18,-5165.31,320.63
4233.08,4994.18,6.01
-10185.96,5760.95,-8862.46
-4719.45,-4627.51,18.12
2541.22,-6147.8,2
-22842.15,-9504.91,5885.8
5482.97,-3652.81,-1.13
-22908.92,-9102.51,6674.28
-22101.12,-12588.16,-566.22
4655.87,5513.77,0.03
4251.83,5298.47,0.84
6315.83,-3016.75,0.03
-41985.44,-3711.72,-1881.48
1280.61,6496.91,0.82
14281,-10292.16,0.03
3332.62,-1916.37,6858.61
5351.07,-3868.18,27.7
-5652.26,-4612.09,0.04
4573.16,-687.51,6237.75
-6936.49,-3451.73,851.04
-4704.65,69.53,6196.25
3947.76,1194.21,6586.81
-7719.68,459.22,938.3
7111.77,-2777.27,1417.77
-40.75,-6538.76,3.8
-6385.32,-2296.56,0.03
4125.76,5689.73,0.04
-2320.35,6201.33,3.17
-6579.13,208.53,-12.21
-1624.64,2568.14,6694.73
6512.87,-1385.23,12.2
5592.57,3570.04,23.23
2721.79,5968.83,3.4
-6585.81,-715.03,-10.63
2465.22,6609.89,68.98
-681.48,6493.52,0.07
-1413.52,-6384.39,5.61
944.5,6545.53,14.34
22439.42,-11666.94,-437.3
-6530.31,529.17,-1.35
-11906.54,15359.18,-16623.57
20587.32,-13988.61,5512.18
838.46,-7095.81,0.04
3669.67,-5448.9,14.09
2299.32,-3067.62,6777.33
1214.83,-2970.16,7085.69
1024,-2196.23,7385.36
-640.99,-7608.08,1468.53
-2908.62,-7207.97,0.04
-3116.27,-6975.07,1438.27
6562.54,-166.97,-0.84
-526.64,-6600.89,1.35
459.31,-6586.8,346.46
-4531.79,4716.74,99.43
-1222.21,7231.39,854.46
-3936.33,5328.05,8.8
2686.29,-1208.3,7254.01
4222.63,-6616.48,0.04
2658.67,916.82,7327.57
-6693.74,4054.84,0.02
-1442.99,-3003.06,7093.63
6107.95,-2531.13,-0.86
-7644.52,-1254.71,829.04
-5166.55,4812.24,3229.66
-4568.3,-6315.83,664.04
41293.01,8276.19,1939.08
-5939.66,2960.27,-7.48
-7083.39,-1884.47,0.03
2569.16,-6087.79,5.19
-363.93,-2760.42,5899.38
-6674.57,412.58,27.22
23011.18,11071.84,0.02
6250.49,2176.08,-1.35
23336.76,10219.77,-1910.7
13108.8,14650.33,16264.93
3184.84,-1380.44,6515.38
-7726.96,-775.41,696.87
6871.04,3673.16,0.05
7660.39,1387.81,0.04
7774.06,-104.21,0.04
3580.15,-98.89,6905.7
5207.03,-1143.15,5673.6
5402.7,-3842.23,28.6
321.5,6537.16,-0.78
-2015.96,-6828.51,829.18
2037.9,6660.21,0.03
830.21,6570.56,-6.4
6379.26,-1743,1.86
-2229.3,-1504.71,6865.81
-41906.89,4499.48,869.38
5788.19,3276.99,8.64
7404.73,2418.69,0.04
-3456.46,111.61,6968.89
-7546.14,1692.47,781.02
6380.84,-1610.35,-0.84
-7047.59,-539.65,3267.6
-2326.02,1317.47,7306.64
-6314.39,-4476.62,864.81
5230.16,4079.66,40.93
6529.77,18.69,-7.98
2479.43,-3960.19,6207.89
-4146.26,6543.51,812.71
2968.51,-3688.75,6164.39
1020.86,-7578.82,1377
326.59,-7765.48,0.04
-6064.94,4829.4,773.78
2534.91,6187.53,7.7
41694.08,5722.16,1638.38
2267.86,-6961.27,871.55
-3473.43,5662.92,6.1
-4460.04,4913.1,8.72
-1805.17,2733.92,6156.4
-22283.45,12462.65,-137.09
-15212.6,15710.93,-13051.03
-22978.05,9949.24,4954.68
6914.04,-2456.69,872.98
-1241.84,-3693.61,6236.14
-6517.57,-1432.38,3.31
6189.85,-2294.25,6.94
-4510.24,-5798.97,-38.89
1609.48,-6462.26,-15.74
-1219.15,-6509.19,-7.86
-3272.1,574.34,7114.04
4184.91,681.97,6608.25
-2944.1,-2954.12,6638.81
-2395.55,-6069.57,-0.77
316.68,-4768.19,6195.53
-3616.78,6156.38,3324.87
1171.2,-3477.13,6947.64
-3384.06,-949.56,6985.75
-6313.99,-4377.37,1673.81
2876.17,819.16,6713.2
2711.49,-2361.96,6049.38
-2395.62,7344.75,908.12
5011.27,-5970.88,0.03
3848.12,-1122.93,6690.18
-3219.8,-5757.39,-12.16
-2534.54,6553.36,0.04
2642.73,-3784.94,6272.11
3201.82,-1960.7,6829.83
3674.34,-3223.21,6067.26
4290.65,-5115.53,13.65
-23390.52,-10249.87,374.22
-23152.47,-10632.74,-639.29
-23477.93,-6698.81,7383.87
-3731.95,5497.27,-0.25
-4829.5,-5300.22,0.03
42116.89,-110.16,-377.12
4255.85,5036.35,-0.77
5659.38,3524.41,-8.88
-2788.79,-78.81,7253.46
6929.2,3563.42,0.04
-5843.33,-5085.4,854.13
-5323.59,-5640.51,811.96
3548.2,6945.99,0.04
6027.28,4937.92,0.04
4598.8,-2205.43,4516.28
-1746.61,-3354.45,6306.86
5866.28,4203.25,0.03
-6447,-1189.61,-1.25
1134.19,6535.01,3.33
-2155.8,-6651.34,0.03
17323.41,35363.07,0.08
6322.86,-2008.16,-0.02
40070.73,12943,2181.06
-343.96,6618.5,-0.34
-5059.49,807.02,5952.99
2676.55,6729.49,0.03
-6174.12,-3281.16,0.03
-6069.33,-2820.86,37.56
4341.58,4973.43,-1.27
4421.07,3514.1,4717.06
-2227.99,6255.83,-34.45
34677.26,-21422.43,0.07
1136.18,-3104.09,6559.72
-22501.43,12109.85,648.39
22372.15,-12190.78,-240.24
-22173.85,12605.97,-460.42
-4716.03,-5488.8,0.04
-748.47,6474.28,58.73
-897.83,-7048.01,1973.93
5642.2,-3388.89,-0.86
-1204.53,6464.49,-2.63
-1183.24,-7818.27,0.02
-3843.34,-5839.91,0.03
5581.76,3393.72,62.91
-4260.18,4995.4,1.21
-3710.48,142.73,6832.1
7433.76,2349.54,0.04
7265.14,2425.67,1443.97
7598.81,1737.95,0.04
6986.25,3167.14,1382.39
-1597.71,6345.17,-0.77
-7274.87,-2643.02,831.83
3918.73,-6018.03,0.03
2227.11,-4156.58,6196.47
5205.53,-5802.35,0.04
840.53,-3513.29,6894.17
2101.34,-3299.35,6730.33
1217.57,-3780.52,6692.65
3511.13,-6958.27,0.05
-6103.27,-2301.43,-0.02
-4533.27,4797.49,-10.72
-4468.51,-4747.02,3.61
943.11,6557.52,4.15
-3140.32,-954.14,5906.47
-5670.62,-3355.93,0.17
-6196.39,3727.49,0.04
-6115.33,-2267.29,0.13
-3474.27,5494.43,0.46
-2592.52,37.12,6912.36
1130.22,6510.5,2.42
-6319.97,-4482.97,842.34
-2954.13,-80.66,7197.32
6520.93,-817.76,-0.85
-7509.42,-1871.92,876.37
7790.2,198.75,0.05
7772.53,-471.95,0.04
-7491.08,-2024.35,673.92
-6592.67,-1172,-6.08
-23804.65,-9137.62,1726.96
-23630.19,-6510.08,6908.09
-23421.45,-9830.78,129.11
-6911.06,-2129.5,0.03
-6759.17,2845.16,0.04
5176.79,4075.33,-0.84
5343.9,-3926.67,-1.43
5864.08,352.43,-3128.84
42081.33,-19.76,-1999.83
4155.73,-5209.61,-2.97
6618.28,452.19,552.32
952.58,2922.82,6698.34
23429.61,-32446.26,0.02
-5294.39,24813.52,-2826.6
-8385.05,21453.01,-10972.45
3953.56,-25179.74,0.05
2787.45,5977.55,-1.26
-1797.44,6611.6,5.08
-40128.76,-12862.8,-1775.16
-7953.59,-1433.85,0.05
6485.3,-888.13,1.32
-22698.79,10958.16,3839.88
-9569.48,15522.25,-17903.06
20074.34,-14699.46,5631.73
-4395.46,5751.73,0.04
-1492.96,7019,0.04
7791.6,123.26,0.03
4260.94,5065.73,-8.78
4276.84,4964.84,-0.77
-3636.11,511.24,6860.68
-7302.19,-2552.8,951.18
6814.73,3483.99,1486.48
-3405.84,-1681.84,6794
-7256.49,-2427.17,1473.4
497.68,6630.15,0
-4971.1,-4221.6,13.01
-23763.03,-8617.55,3337.51
18593.73,13626.03,10918.79
23617.82,9746.51,-1148.86
-2886.86,-5929.82,-1.13
-1331.61,-2280.05,6886.49
-6645.51,-190.89,1.6
2093.98,-3146,5664.26
1172.47,-6432.94,-7.62
3669.36,-5563.64,-0.54
-4263.51,-1811.86,5748.13
-1307.41,24678.41,6167.89
4395.79,-25148.25,320.84
-3567.44,25207.79,1438.22
-40929.13,9190.58,4499.14
-72.11,6597.56,-1.14
-5161.39,-4138.69,0.15
-5153.81,3978.87,50.31
-4006.98,-6019.16,0.04
2254.88,-25092.69,-4112.8
4170.45,-25175.32,0.05
-5814.12,24513.67,-3850.03
4941.02,-4247.08,64.9
-2596.54,-2078.17,6592.07
7373.96,2505.54,0.04
-7148.61,-3045.33,709.71
3657.23,5459.98,-1.35
6170.57,4757.53,0.04
-3716.12,5412.47,0.36
-4655.99,-4551,27.38
-3956.71,-6061.56,0.04
-2984.66,-86.49,6746.56
499.05,-6468.94,308.8
-2261.46,984.46,6949.12
6607.09,-4136.02,0.03
5512.01,-5510.41,0.04
2780.73,-2034.22,6980.32
4962.14,4364.54,-0.85
43207.13,-5240,0.07
-3841.63,-6278.14,577.21
-15590.44,43009.27,0.01
6471.26,-1209.67,0.04
1824.21,-3526.47,6984.64
39968.48,14442.56,665.02
3067.34,-3019.35,5911.01
-939.43,-6468.21,10.02
-730.65,-6581.25,-0.23
-5225.48,-4200.57,0.04
5228.77,4032.31,-0.85
36822.45,20463.32,1352.99
40421.54,11247.53,0.09
3587.18,-3213.25,6385.36
2907.34,-7442.42,0.04
-399.84,2940.01,7098.5
-2666.87,7364.99,897.79
1379.43,-7781.01,0.03
728.17,-7723.96,0.03
-4591.63,4721.14,-0.09
-6354.03,-1799.02,0.62
-6378.41,-1348.17,12.11
-6917.9,-2117.01,0.03
1596.73,-2301.22,6787.78
-7648.47,16743.55,-17683.44
18918.3,-16668.45,4089.08
-20691.37,14810.67,930.83
-4370.64,-2073.56,4399.46
-2187.96,-2845.74,6405.16
4190.45,-5009.24,8.66
-11556.42,33522.08,0.07
-7054.98,-1589.07,0.03
-3023.63,5857.21,-1.14
-6439.17,-1432.77,-6.07
37883.81,18482.73,209.16
-3401.36,-1052.25,5505.06
3290.71,5777.08,0.04
21467.43,14033.58,282.07
21355.21,13930.89,0.02
800.25,12542.56,22185.13
-4592.8,-4102.4,2292.19
-7017.29,2263.43,-0.07
-41942.65,-360.33,4150.44
-2997.99,5880.48,-0.85
-20332.3,15329.7,1311.23
-21099.18,13737.25,4637.53
-20233.21,15533.9,833.89
1207.69,-6408.57,33.7
2845.88,-7273.48,0.01
1567.6,-7645.2,0.13
1017.6,-7729.76,0.13
1873.6,2346.15,5809.92
-609.96,2839.99,5994.91
-2176.67,6876.19,1336.75
3183.87,5768.14,-0.86
7638.91,1800.93,-0.01
7714.46,1433.16,0.22
-2278.34,-8035.74,1137.33
-3071.37,1497.31,6440.26
21014.39,14452.76,0.01
21515.17,13511.13,-2280.64
21063.03,14419.22,95.07
27053.74,32093.86,1882.21
3029.75,6696.1,0.04
-4712.44,4585.01,-25.32
-2100.48,-6263.42,-12.2
912.92,6516.79,-0.85
7875.01,308.06,0.01
7879.77,-49.3,0.1
-14000.76,17287.8,-12551.45
-21419.57,13613.55,1778.23
-21204.73,14109.58,822.43
6306.26,-1621.87,47.47
5839.06,-4281.74,0.03
7129.42,1710.2,0.11
7839.42,-433.47,0.01
7853.12,-177.81,0.05
-5735.42,3255.34,-1.16
3736.07,4121.15,3563.98
18518.35,-16770.1,5086.93
18979.89,-16502.92,4210.19
-20168.78,15587.8,-1427.6
6956.94,2362.9,0.05
-6379.11,338.9,1590.34
-7695.81,-1136.44,863.27
20744.43,14822.96,1120.42
20991.75,14451.01,0.03
21667.28,9997.74,-8902.37
2104.74,6193,-1.26
3908.24,-106.52,5244.47
-4328.66,-4882.41,182.17
-3958.41,-3379.45,4701.45
-2765.86,2606.78,5364.86
1440.17,-25512.97,0.05
-9571.35,-9453.76,-21636.7
-10844.56,2073.39,-23015.58
-1593.63,-6455.69,7.04
-3335.09,-6411.92,0.04
-5310.38,5072.9,0.03
-4342.86,4950.05,-1.24
4348.02,-1778.23,5531.28
-21621.11,-9833.01,9176.86
-20509.45,-15067.34,-2014.49
18894.29,3804.32,-16705.53
-10951.41,1862.75,-22977.76
846.13,-25433.78,0.04
-10618.12,-4495.9,-22723.5
7513.04,2328.84,0.1
7631.64,1876.56,0.1
7501.04,2354.93,-0.01
1274.46,42088.69,2566.66
6894.67,-1650.42,0.03
-21980.49,-12446.05,3848.64
21400.2,13932.39,-421.04
-21524.35,-13708.97,1005
-1350.32,5387.83,3579.59
-1371.27,3005.5,6687.11
-17801.18,15469.7,-9718.66
-22198.17,12557.99,0.05
-22232.2,12585.55,0.06
1379.81,-6405.13,-1.24
2507.88,-3216.54,5151.52
-2572.85,7452.38,0.05
-1648.85,7710.6,0.08
-2267.56,7551.45,0.08
7269.51,864.19,0.06
-6819.91,-2563.29,0.04
22116.1,-12669.18,1171.97
-20886.3,13930.43,-4612.61
-22790.6,7826.59,8343.81
-20389.68,-15079.78,-3260.27
-6372.87,1409.01,-1.15
-20047.32,-15243.08,-4047.29
22073.58,10452.73,-7357.67
-280.84,-6333.88,1859.64
-7369.55,683.81,0.06
-10656.74,-6037.81,-22378.32
723.25,-25588.69,254.45
-1728.53,25301.87,-2344.27
-537.35,7857.78,0.16
-343.68,7855.08,0.11
-14011.94,8529.25,-668.32
-6308.72,1963.9,-1.14
-19768.04,-15382.16,-4726.99
-5430.64,-1913.33,3209.58
-13013.13,-40098.06,19.77
16604.91,1687.64,-19269.78
6789.88,8774.51,-22923.06
22804.17,-11321.33,-1022.88
-19298.17,14484.55,-8311.5
-21006.92,-14391.35,-1102.79
-26085.63,33065.96,2161.83
-4431.43,4781.24,-17.25
-1649.99,4363.68,4636.33
-1212.46,7796.37,0.01
-3798.81,-6905.19,0.13
-4174.65,-6675.89,0.21
-3698.49,-6962.98,0.17
-14077.43,15187.45,-14902.96
3311.67,6276.33,0.1
6733.52,1119.19,0.03
-7713.51,-1662.67,0.17
-7694.88,-1754.22,0.16
7717.01,57.95,0.03
-7720.25,-1636.46,-0.11
-7694.3,-1715.33,0.04
-16231.39,107.19,19717.31
6982.76,412.66,0.04
6990.29,-119.16,0.04
-2432.55,5312.55,3033.01
-6017.69,5102.14,0.03
-6050.86,5061.63,0.06
-6029.1,5088.62,0.01
6155.23,4761.42,0.05
3201.33,-5750.52,-8.84
-4842.57,-4439.97,52.59
20777.66,6139.69,-13480.13
-8921.58,16914.79,-16831.58
5661.46,-4583,0.04
6875.35,-1058.64,-0.04
-3656.03,-6953.64,0.04
6524.52,1420.81,6.85
3022.29,6419.96,0.07
-1585.79,7711.47,0.03
-1451.44,7742.81,0.04
-1519.49,7733.3,0.05
-5676.37,3270.18,-1.15
8001.92,-19432.4,17938.81
6366.05,-1492.61,114.36
6350.9,3104.16,0.03
41937.32,4330.94,-52.92
-22041.34,-9511.55,8580.6
4945.31,-4876.62,-0.36
-1690.83,25394.77,-1332.46
6527.86,3320.14,0.09
-18667.6,-13754.82,21564.9
-2845.55,6363.41,0.04
-6562.12,3302.78,0.04
9191.31,41148.25,2.32
4483.55,4747.15,13.05
-10792.8,-3439.72,-22842.85
1458.51,6844.3,-0.27
-5904.57,4268.03,-12.93
-2761.52,-5709.15,2050.14
32434.23,26947.23,-20.25
14978.77,3019.27,-20415.01
6724.76,2803.75,0.39
868.99,-25482.26,-580.15
-6329.76,-1873.23,-1.15
-4005.49,-6788.7,0.09
-3985.5,-6803.17,0.07
-4000.77,-6794.98,-2.38
42157.34,-674.21,-32.56
8946.02,13009.55,20071.14
2762.85,6417.6,0.04
2751.47,6430.05,0.15
2724.2,6441.27,0.08
2778.87,6410.52,0.04
-41714.39,6156.37,19.83
-6001.69,-2736.91,-1.15
-2052.64,-2032.12,6719.66
7018.55,9893.62,-1644.97
1721.77,7024.09,0.04
1903.15,6985.47,-0.32
23036.39,-10604.47,-2708.84
-5399.04,-3774.49,-1.15
1879.53,2359.85,6925.03
4636.51,4632.45,-1.24
-4991.84,-4313.53,-1.14
7172.63,-550.63,-0.8
6420.23,-1184.39,-8.56
10687.18,10386.35,42.03
3540.77,-5500.53,-1.23
-6277.93,-1816.63,-0.76
-1385.64,-6453.55,-1.14
-241.08,-6594,0.13
-4311.02,4990.81,-1.23
3670.45,-5481.15,-1.26
3744.48,-5439.18,-1.14
-4069.45,-5110.86,-0.35
-1862.21,6299.01,223.85
-17.6,-6579.12,1.31
3555.46,-5561.96,-1.14
4542.51,-4773.53,-1.15
2635.83,-1355.27,6944.28
4655.06,-4675.59,-1.15
6512.73,-1052.18,-1.15
5593.11,-3452.58,-0.53
6598.7,610.89,-1.36
-4534.57,4730.3,-1.25
6388.9,-1613.44,-1.14
3792.93,-5371.19,-0.85
6541.12,927.58,-6.26
4110.71,-5166.72,0.07
5592.09,-3476.71,0.15
6253.55,-2121.56,-1.14
-544.33,-6547.14,-0.59
5578.81,-3534.3,-0.85
-1906.43,6301.65,-0.54
6597.37,174.73,-1.14
6560.17,308.1,-0.88
6522.02,-913.53,-0.86
5797.07,3132.44,-1.13
5428.48,3729.3,-12.22
853.21,6531.68,-1.15
3171.23,-5711.18,-1.08
3516.06,6164.36,0.03
-285.14,6590.76,-0.84
-3404.54,5649.44,-1.15
2134.92,-6274.67,-0.55
-4035.04,5222.41,-0.5
-4611.87,4712.29,-1.28
-6178.42,2340.09,-1.14
1232.11,-4159.34,-4974.94
5209.17,4050.88,-12.17
-6051.35,-2451.82,-0.37
-5485.7,3630.22,-0.5
-6294.34,1961.14,-0.5
215,-6561.24,-0.55
2793.4,-6558.08,0.04
-2725.61,-5962.73,0.08
456.4,6506.96,-0.34
3687.32,5407.89,-0.55
-6649.55,196.97,-0.5
-66.3,-6557.99,-8.56
-6395.78,-1663.73,-0.48
3484.38,-5564.12,-0.56
-3276.08,-6750.05,810.6
-4872.14,-4415.89,-0.49
5793.77,3251,-0.54
-4658.49,4623.63,-0.54
-5308.33,3730.16,-0.34
-3714.76,-5421.57,-0.49
-2151.48,-6218.9,-0.5
-6531.92,665.12,-0.6
5409.38,3793.3,-6.36
-1515.3,6398.37,-0.35
1852.66,-6352.13,-0.53
-2078.05,-6245.71,-0.49
412.18,-6580.1,-0.48
-6483.77,-902.53,-0.56
3089.81,-5823.87,-0.5
4659.87,-4656.49,-0.61
5372.28,-3760.34,-0.52
5853.78,-2942.17,-0.53
5585.47,-3452.64,-0.61
2742.19,5995,-12.25
554.66,6525.85,467.5
6552.74,786.82,-0.49
7021.3,1069.5,0.03
6410.26,-1525.02,-0.57
-2702.85,5978.63,-0.55
-6522.38,407.38,-0.33
6093.83,4888.33,869.37
-4111.45,-6538.43,1772.62
-3077.35,-563.16,7241.22
-6112.45,-2464.41,4219.03
-588.01,6566.64,-12.18
3425.62,-1392.75,6890.17
1731.33,-1968.38,7283.91
5157.68,1603.9,5600.84
4727.67,1871.74,5872.11
6361.74,1729.39,-0.53
6543.9,-603.1,-0.36
6399.6,1551.94,-0.36
-5532.84,-3492.69,-0.32
-4716.24,-4525.14,-0.53
3759.73,5414.5,-0.49
-804.58,6544.71,-3.41
4262.23,5020.38,-0.36
-522.17,6541.97,0.12
2484.61,6113.56,-0.36
3667.46,5476.5,-0.48
-4757.1,-4568.54,-0.61
2070.47,-6223.86,-0.53
-4975.49,-4192.29,43.54
4960.36,4272.81,-0.36
-4300.18,-4965.62,-8.7
-1008.12,6495.71,-0.51
-3140.51,5788.39,-0.55
-2868.71,-5929.67,-0.53
-2935.9,5905.83,-0.5
-5220.88,4030.96,-0.49
-1324.24,-7242.29,0.04
-4918.42,-4430.35,-0.49
5036.59,-4251.37,-0.54
-3584.63,5523.72,-2.61
-6574.13,-7.98,-0.47
4160.75,-5747.01,0.03
2754.42,-887.36,6530.46
-5168.75,-3995.48,105.89
3181.4,7644.11,0.04
4658.33,-5841.61,0.04
-6597.79,238.31,-0.49
-6478.91,-1185,-0.48
-6435.62,-1259.85,-0.56
-3767.43,-5391.22,2.01
-3946.69,5316.23,-8.9
4742.21,4546.63,-0.59
4444.89,-5884.65,0.04
-7708.24,-3377.93,4526.7
-5416.21,-3726.22,-0.5
-3929.19,-5295.73,-0.54
-3930.67,3039.54,5413.19
-4729.25,-4611.2,-0.49
6348.78,-1619.74,9.52
-6095.45,-2382.79,-0.56
-4240.67,-4957.54,6.02
836.52,6540.89,-10.36
-2825.94,-5949.64,-0.48
5602.45,-3382.14,-0.53
-2195.84,-6209.84,-0.5
5049.83,-4326.78,-0.53
-5004.42,-4695.32,0.03
4106.76,-5125.71,0.04
3460.45,-5589.45,-0.5
4084.89,6645.99,0.04
1473.96,6335.56,-0.3
2203.81,-6214.2,-0.49
1869.55,6314.26,-10.35
2840.45,-1827.88,6551.93
5523.39,-3598.98,-0.54
982.68,-7287.34,750.13
5412.08,-3753.51,-0.59
1377.83,6444.5,-0.49
3694.86,-1409.65,5570.36
5936.99,-2864.61,-0.58
912.66,7109.65,0.04
-5598.32,3373.18,-0.57
3468.84,-1240.61,6622.83
-5389.57,-3620.18,-3.25
4461.59,-4842.15,-0.5
2506.29,7308.68,1448.95
-2159.85,7562.65,819.4
-844.73,-3024.79,7191.14
6954.56,-3599.17,797.42
5573.99,-5561.72,0.04
-2115.62,-3160.64,6771.9
-4696.06,-6059.82,993.96
-5046.59,1432.75,5772.47
-3454.85,5525.57,-0.37
-6532.08,-687.33,-7.3
3372.34,-5638.08,0.1
1166.74,-6436.24,-0.53
-1175.65,6913.4,2302.29
2069.31,-6209.69,-0.53
6308.04,-1881.65,-0.49
-5822.28,2981.33,91.58
-2863.95,-5886.92,5.59
6123.53,2406.65,-0.54
6361.26,-1741.81,-0.36
5736.84,3241.94,-0.36
-4922.46,4368.3,-7.47
4369.97,4926.82,-0.48
6161.63,2318.65,-0.36
4640.24,4702.8,-0.36
5644.46,3305.96,60.13
1218.68,6418.12,-0.53
1724.78,6296.74,0.04
4993.32,-4259.99,0.04
-3402.29,5635.36,-0.49
-3839.69,5391.88,-0.48
4711.75,5286.77,0.03
-5973.12,-2679.5,-0.53
-2618.34,6040.28,-0.49
-5826.5,3050.05,-0.53
-5256.17,3989.12,-0.49
5553.23,5344.54,0.03
-2771.06,-4241.95,6039.74
7040.83,3336.68,0.03
6959.07,632.54,3581.65
-7121.62,521.2,3219.17
-6812.11,2181.17,3272.45
-6489.9,1130.69,-12.19
3026.05,-2051.64,6997.71
2633.43,-2035.56,7131.81
-5729.03,3236.71,-0.48
-6367.45,1543.02,3.5
-6527.16,-881.59,-0.48
-6349.51,-1564.44,-0.54
-5710.72,-3310.62,-0.53
-1981.1,7280.2,815.42
-6379.2,-1514.91,-0.54
-5529.5,-3451.04,-0.5
-6406.48,1559.15,-9.07
2209.43,6154.93,0.04
-5411.4,-3642.03,-418.97
5674.8,3287.94,-0.5
-3301.49,-5689.49,-0.48
-3867.37,-5301.87,-0.54
390.11,-3373.48,6523.5
-4153.69,-5113.32,-0.48
141.71,-6548.62,-0.54
-3833.62,-6047.49,0.04
7066.63,-2016.78,0.03
-2009.25,-6252.77,-0.48
-2326.06,-6142.22,-0.48
-2172.63,6219.83,-0.58
-1662.7,-6382.53,-0.48
1250.19,-6447.96,-0.49
-559.73,3873.34,6219.17
-6524.98,-13.08,155.41
2171.92,-6222.54,-0.54
3462.24,-5605.29,-0.49
2995.46,5837.41,2.27
-6027.25,-2655.24,-3.33
-2007.04,-2736.16,6759.18
-579.81,-6494.74,-8.49
3620.2,5432.06,18.28
-3758.07,-5477.58,0.01
5255.51,-3951.28,-0.54
5259.46,-3932.26,-0.59
6221.27,-2050.4,-0.53
5746.9,-3184.58,-0.57
5509.22,-3533.64,-8.75
5607.86,-3443.28,-0.48
2048.55,-896.87,6999.07
-6428.83,-1444.19,-3.59
5611.54,-3466.43,-0.49
5586.74,-3478.15,-0.48
6516.17,-999.23,-0.48
6579.86,152.5,-0.49
2725.26,6611.53,0.04
6307.73,1845.95,-0.48
-3096.83,5842.79,-0.37
-5168.3,-4108.07,-0.52
5243.05,3950.68,-0.52
5046.58,4245.17,-0.37
1214.89,6451.45,-8.47
-6232.98,-2089.36,-9.07
6396.04,1593.37,-8.63
-1762.85,-6331.74,-0.33
391.93,6568.4,-0.49
1022.59,6495.62,-0.47
-7498.14,2215.72,918.31
-4042.85,22.82,6726.44
-3759.68,6076.99,3266.78
-1312.97,-3019.42,7094.7
1474.03,7016.29,3236.11
-2737.02,-1925.57,7117.12
4813.06,-4452.07,-8.43
-3462.66,-6965.65,1311.53
-4350.9,-6567.33,804.66
4962.39,4329.49,-0.5
2954.93,5894.43,-0.48
-2320.33,-6817.62,1389.02
-176.31,6573.87,-0.53
-4807.72,5520.22,0.04
-697.04,6548.05,-0.48
-3796.93,5393.28,-0.53
-5002.81,4296.63,-0.52
-693.79,-6547.76,-12.22
-11751.98,16233.86,-755.08
3645.66,-533.3,6377.59
-6365.11,1649.76,-0.54
-4090.04,5102.09,-0.53
-5182.15,4100.25,-0.52
-5702.23,3297.63,-0.48
-1565.79,6347.86,-0.52
-6581.18,144.24,-0.47
-421.36,-7736.3,810.16
2374.94,-1900.15,7163.31
5437.88,-3637.91,-5.98
1791.36,-4391.04,6073.42
2325.15,3079.17,6826.59
-1879.55,-2564.32,7094.6
2633.67,-1763.58,7155.97
4166.37,1731.23,6349.72
-4376.82,-2180.27,6034.21
290.81,-6522.98,4.02
-6380.94,-1636.46,-0.48
-4559.94,-4750.4,-0.48
-3750.33,6688.18,916.01
-652.15,6516.92,-0.95
814.79,7099.84,0.05
-831.56,-6554.13,-0.57
400.39,6523.47,70.06
-2644.62,-6006.74,-0.47
-2894.4,-5845.29,0.03
-5511.87,3525.1,-0.53
2978.3,6214.69,0.02
-2101.65,-6253.65,-0.48
-0.5,-6572.86,-0.48
6475.4,979.57,24.85
1693.57,-6351.79,-0.97
2715.25,-6002.03,-0.5
2016.42,-6277.12,-0.48
3826.8,-5364.68,-0.56
-6074.42,2428.21,-0.52
1740.07,-6352.42,-0.54
6000.03,2722.87,-0.62
6226.94,-2143.89,-0.6
-6499.38,-783.83,-0.37
-2537.89,-2917.62,5273.31
6610.14,338.58,-0.48
-5731.95,-3243.45,-0.95
6387.76,1540.4,-0.54
6104.02,2522.78,-0.47
-5515.72,-3586.61,-0.52
6527.74,785.86,-0.48
2395.66,-2317.48,7062.4
-1305.92,-5630.21,5331.65
507.37,-3884.4,6766.61
6719.97,3713.46,1478.06
-2964.48,-1852.05,6917.88
-997.7,5212.86,5739.25
3387.31,961.95,6969.22
2966.39,920.49,7065.08
6536.44,-993.55,-0.36
6550.72,-866.89,-0.36
732.61,-2636.22,6852.04
4254.82,5029.13,-0.48
2545.33,6081.63,-0.53
4397.48,4886.52,-0.48
-746.76,6549.72,-0.48
-1097.76,6476.01,-0.49
6269.21,1807.62,41.81
-1148.35,-6443.51,-0.52
1031.4,6524.68,-0.36
-5887.18,2930.8,0.03
-3724.96,5434.84,-0.47
-3285.94,5726.19,-0.53
-4181.99,31.59,6554.82
-1563,3026.86,6535.38
-4322.8,4957.6,-0.48
2943.58,245.06,7245.4
-6383.37,-4391.92,848.77
5823.44,-3135.56,-9.34
503.61,-3993.41,6750.27
-3399.15,58.11,6930.76
3987.84,-6600.77,0.03
-607.93,-2970.63,7206.96
-6400.87,-4045.84,1790.51
3764.78,-2800,6196.23
-6408.91,1588.05,-0.42
-6354.1,1782.27,-0.49
-6560.06,701.42,-0.54
-5364.45,3815.82,-0.48
-1978.39,-6247.58,429.06
6264.81,-2029.03,-8.61
-6422.84,-1683.7,-0.54
4234.5,-5049.35,-0.58
-6415.37,1343.74,-0.53
-6564.41,170.56,-0.54
4906.72,-4319.91,-7.42
-6562.88,-1411.69,-0.46
-36829.7,3549.95,249.32
-5300.18,-3900.94,-0.53
6169.7,-2202.68,-0.52
-5261.33,-3929.62,-0.51
1272.98,6486.26,-0.96
-1365.96,-6461.19,0.04
5948.29,2730.58,-0.52
-5354.81,-3806.79,-0.53
-3890.31,-5471.13,-0.37
5078.15,5044.6,0.04
-6346.46,1748.88,-0.53
-2874.7,-5938.68,-0.53
-6964.85,1116.73,3214.2
3705.39,35.25,6896.4
-3551.88,6969.73,0.03
-6000.25,2598.02,-0.95
3903.92,-583.31,6798.73
-4055.67,975.19,6579.98
2960.78,-1700.07,7072.26
2245.26,-757.42,7392.9
395.02,-7693.7,748.96
-1677.58,-6360.55,-0.54
6212.52,-3818.56,0.03
-2085.29,-1277.52,6938.47
1079.83,-3409.86,6429.57
-1561.34,-6405.51,-0.46
3267.71,-5740.92,-0.96
-159.45,-6572.27,-0.53
799.3,6464.97,143.83
-933.65,-6506.7,-0.48
-87.98,6559.61,-0.54
-6469.03,1029.1,-0.51
3800.78,-5389.56,-0.54
2850.66,-5930.97,-0.48
-26036.1,33196.54,-1005.56
-858.19,-6569.98,-0.37
5692.3,-3253.36,-0.58
6394.05,-1577.19,-2.43
5357.05,3818.03,-0.59
-2731.24,-7190.17,1493.05
1324,-2322.51,7341.02
-2980.62,-2174.97,6828.26
7200.21,-2848.2,0.03
2097.25,-3177.19,6751.1
-7408.29,2487.55,851.48
-2619.66,-7208.47,1483.89
2623.49,-2175.52,7078.63
6133.14,-2410.21,-0.47
6565.01,711.52,-7.86
3252.7,-1655.42,6825.81
7062.97,1884.66,0.04
6397.35,-1716.73,-0.35
5534.66,-3558.37,-0.46
2803.25,-1661.31,6588.75
6071.83,2402.03,0.04
6625.81,-398.98,-0.36
6088.85,-2495.96,-0.47
6314.05,-1869.53,-0.48
6554.48,-498.97,-0.46
5760.3,3155.57,-1.24
761.05,7258,0.05
6491.99,-1051.53,21.93
-6221.83,-2043.53,-0.53
243.79,-2587.07,6890.09
596.77,6566.4,-0.52
-24303.98,-23820.58,-0.15
6060.25,2590.26,-0.48
5087.47,4165.47,-0.47
-57.81,-6545.9,-0.52
3657.21,5465.02,-0.56
5905.75,2978.13,-7.05
3996.57,-5292.97,-0.35
4356.8,4934.34,-0.46
5309.99,3923.4,-0.36
1923.87,-6235.11,34.54
-701.4,6542.86,-0.48
6924.7,1527.76,3243.42
2679.88,6650.8,0.04
3099.33,1378.61,7019.46
2703.16,-1826.71,7189.69
1521.86,7736.14,0.03
1421.19,6431.31,-3.69
7610.87,-1211.27,1469.92
-2308.22,-7349.5,1487.4
1448.44,-2792.18,7175.26
3051.2,7218.38,0.04
4193.91,200.11,6589.24
-4766.21,4548.44,-0.47
6022.21,2530.77,-0.53
4178.85,5035.63,344.35
-6098.81,2425.61,-0.46
-1879.95,3219.7,6354.99
279.84,6596.55,-7.48
-6638.78,-827.65,-0.47
-6582.61,238.49,-0.47
-6297.24,1946.46,-0.46
-5520.83,-3594.97,-0.57
-5987.17,-2681.42,-0.54
4417.48,-4833.14,-0.53
-5218.06,-4030.92,-0.54
-6497.75,-1195.61,-0.47
5448.01,3638.17,8.25
4892.77,4346.15,354.76
-2676.56,6039.06,-12.2
-6303.6,-1806.11,-6.72
7145.1,-1020.75,1324.42
-3078.73,-5797.5,-0.53
-855.1,-6532.9,-0.52
6579.64,489.89,-0.57
-1300.27,-6436.45,-0.54
-3830.51,-5355.64,-0.53
10909.58,-408.39,-0.1
6447.14,-1117.81,-7.82
2890.54,-107.06,7188.51
-1179.94,-6481.98,-0.47
4372.36,-4899.55,-0.42
989.64,-6501.14,-0.49
2907.41,-2591.75,6823.69
-6940.86,-3479.79,772.26
3245.36,-2028.08,6772.8
-3009.52,-2900.47,6605.75
6878.11,3430.47,1611.13
-590.56,-3454.13,7025.9
2952.53,-258.33,7320.73
245.16,-5024.87,6041.97
2748.3,-5979.28,-0.47
6200.28,-2108.85,0.03
-6649.66,126.71,-0.48
5373.39,-3809.32,-0.58
4481.73,-4790.45,-0.53
6966.78,2185.83,0.03
5871.34,4338.59,0.03
-347,6530.12,-0.53
-6831.17,2764.64,0.05
4787.43,-4525.48,-0.47
5971.85,-2801.74,-0.54
-3716.5,-6294.66,820.26
6501.93,859.27,-0.4
6223.55,-2057.44,-0.56
6137.74,-2401.02,-0.48
2309.69,-2441.03,7046.03
-472.35,7845.41,906.14
-868.52,-2866.71,7226.92
2979.2,-454.44,7236
3869.8,-1164.23,6721.62
-3953.98,-608.74,6804.04
-3085.63,-1262.34,7104.66
-5577.48,-277.61,5507.78
867.21,6501.6,9.98
6484.98,-1119.97,-0.49
6585.15,-235.33,-0.58
6571.53,-260.57,-0.45
6473.22,-1185.35,-0.46
-5709.44,3160.11,48.85
-1420.7,6388.07,-0.55
6461.46,1267.53,-0.46
6394.31,1576.28,-0.47
5756.75,3157.17,-0.46
-2190.55,-6248.68,25.53
-4497.45,4690.95,596.91
-6325.16,1729.08,-0.51
4547.2,4787.9,-0.47
-6059.14,2442.84,0.04
4747.12,4553.33,-0.46
1001.43,6490.13,-0.53
-6324.68,-3649.09,812.54
-4975,4230.56,111.28
-1090.59,6492.11,-0.46
-4517.08,4739.01,-0.5
6118.26,-2593.56,-0.48
-4488.45,-4874.23,-6.91
-3044.72,5828.73,-0.48
3043.12,-813.88,7115.07
-4117.67,754.57,6644.63
-2483.43,-1211.55,7372.19
2923.25,-2256.61,6928.03
648.02,4606.62,6393.22
-3067.17,-210.68,7171.04
-1595.55,-5476.59,5363.44
4853.55,-277.36,6178.58
-4099.17,5165.29,-0.53
-2074.16,6252.15,-4.68
1654.32,-2146.63,7076.77
-6179.52,2322.56,-0.57
2407.2,6174.44,-0.36
6538.49,-2888.58,0.03
-5404.4,3730.12,-0.53
-34661.63,-23288.39,-6009.82
-5700.22,3320.56,-0.46
-4520.13,-4842.44,-0.48
2494.84,1295.64,6812.69
-6517.72,881.59,-0.46
-6023.84,2648.94,-1.51
-6334.95,-1807.9,-0.48
3844.13,5275.3,0.03
-6479.46,-1682.98,-0.47
6019.96,-3884.01,0.03
-4146.71,-5118.44,-0.57
1425.41,-7144.42,0.03
-5081.83,-4172.54,-0.48
6293.36,-1764.73,0.03
-3260.85,-5746.77,-0.45
1900.26,-3306.67,6317.84
6414.3,-1256.17,1.1
3150.98,4499.44,5611.73
3150.27,125.77,7151.45
434.51,-3360.27,7090.74
4281.62,-2029.37,6268.76
5422.59,5678.46,0.04
6575.69,-4234.71,833.07
-2665.95,-7281.33,1507.24
-7182,697.53,3266.76
-169.83,-6585.43,-0.53
-6542.71,307.68,-8.47
2525.59,4145.44,6070.67
-2428.99,-914.97,6889.45
6157.64,-101.24,2203.81
-1064.59,-6493.54,-0.48
6636.26,1674.58,0.03
4059.12,-5623.95,-0.49
1404.74,-6414.85,-0.51
3186.81,-5736.6,-0.52
-3854.6,5607.79,1248.05
5940.59,-2689.24,24.19
4257.56,-5042.25,-0.48
-5827.62,-5087.54,808.7
4405.89,-4896.91,-0.46
6588.71,-273.45,-0.54
5946.58,-2750.95,72.87
6096.99,-2493.61,-0.58
-4715.13,4529.68,-0.47
6518.35,987.42,-0.57
-5153.78,-4169.67,-2.77
5805.96,-3095.57,-0.48
5508.1,-3484.57,168
6138.43,-2381.75,-0.49
-4814.49,-6212.36,988.57
6565.08,-709.76,-0.58
6551.11,-521.45,-0.54
-6521.05,633.23,125.29
-916.81,171.51,7314.68
6415.7,1384.95,-0.53
-3.77,3679.04,6841.56
-1015.35,-7678.46,1510.16
-2913.72,298.41,7273.47
814.9,-3844.21,6802.65
2742.42,-326.6,7318.56
-816.81,7890.23,0.03
-1908.81,4221.92,6342.43
-4554.68,-6338.56,1121.68
6731.3,-3984.82,795.23
6512.07,1057.1,-0.46
5511.11,3628.43,-0.58
6193.72,2211.75,-0.48
3995.24,-5932.74,0.04
-6012.67,-2497.29,188.48
-4498.68,5106.01,-0.48
-4441.17,6839.72,0.03
4059.25,-6505.35,2038.92
4796.63,4533,-0.53
2564.96,-6683.91,0.03
4453.07,-673.06,5813.56
-6156.86,-2179.94,-0.47
-1845.11,6308.34,-0.5
4707.83,-4580.49,109.3
4903.95,1295.12,5353.34
2778.86,5982.85,-0.45
2580.02,6103.69,-0.45
6548.59,-299.77,140.45
-5338.34,3790.97,58.3
-5150.08,4011.56,27.37
-1690.17,6360.4,-0.47
-3873.99,-5296.83,42.04
-4443.76,4838.86,-0.55
-5870.31,3028.91,-0.53
-4697.36,4639.27,-0.47
-4161.55,5134.35,-0.45
-4965.98,5161.21,0.04
-6220.79,2162.39,-0.46
6250.19,4220.27,1498.37
-6022.92,-4216.82,0.03
6467.03,3537.31,0.03
-19302.73,-759.09,0.04
-6284.06,2023.76,-0.45
23.42,-7304.91,766.52
-6438.11,-1466.11,-0.52
-5847.93,-2983.32,-0.47
-4684.71,-4869.6,-0.46
-2568.82,5471.83,-2603.79
-4135.93,-5250.53,-0.36
1230.16,-7069.06,2859.37
-6535.77,198.66,0.04
4714.35,539.34,6216.12
1447.68,-2370.01,7307.69
4700.19,927.85,6228.62
-942.01,5385.05,5674.05
-2498.68,-7380.97,844.94
3591.3,-1596.42,6817.74
-3489.93,-702.77,6974.49
1404.3,-2420.39,7318.55
-3682.97,-5461.83,-0.57
-3531.9,-3455.88,6279.8
2397.47,-6128.93,124.7
-2690.17,6038.46,-0.35
-2681.29,6021.8,-0.35
-6644.19,-3133.51,0.04
-4434.19,-4867.99,-0.48
-6575.72,-556.65,-4.04
-7581.75,-3570.83,0.04
101.39,-3488.71,6497.87
-3138.92,-5790.17,18.55
-1217.88,-6479.37,-0.51
-4448.11,-6504.64,0.03
-222.42,7238.42,1315.58
801.7,-6455.94,-1.14
1655.19,-6357.61,2.14
2217.73,6139.26,66.22
-6148.33,-3980.29,798.94
6537.86,-76.15,11.94
3137.86,-5922.43,4.49
3686.96,-5469.73,-16.23
4532.69,-4790.14,19.38
561.44,-6457.63,1070.73
-6676.66,234.19,-12.25
-1866.83,6517.53,4101.55
5820.94,2987.25,4.45
2040.11,-6218.43,-0.52
6166.99,-2243.82,-13.76
-2463.1,-6200.46,2278.5
6521.24,-957.95,19.44
5404.67,-3737.18,35.12
5940.17,-2886.64,8.85
6366.2,-1717.48,244.24
5542.43,-3622.1,-18.42
6820.63,4345.12,0.04
-1873.51,-7076.2,842.68
6590.05,-174.72,-2.14
6457.02,818.2,805.52
6584.7,-501.01,1.2
6300.72,1889.48,334.79
2063.54,-6347.49,7.13
-7843.46,-3948.7,-0.08
3988.42,5111.07,511.33
5491.75,3520.29,339.64
6097.55,2477.34,-17.94
2246.18,6610.96,0.04
5744.77,3284.04,1.59
6927.29,-1852.99,0.04
6284.25,-1792.13,0.03
5366.79,-3739.82,9.45
-3515.48,6440.58,834.08
4961.27,4293.32,1.22
1698.69,7162.3,0.04
-4669.91,4968.78,-9.34
6557.56,428.82,-6.95
6190.42,2239.1,0.25
36998.94,7496.95,-2506.38
4820.07,4454.17,-34.39
3973.94,-5247.57,-0.48
-4101.98,5299.07,7.79
1733.88,6361.9,8.66
4406.61,5061.4,49.16
-4459.42,4821.11,-567.59
-483.34,6561.03,1.07
-6143.34,-4780.86,883.12
2751.19,-347.85,7296.21
-4952.73,6006.93,899.74
499.4,-3127.81,7196.22
503.94,-4124.85,6628.64
-1677.62,-3556.25,6776.33
3718.47,-1461.75,6760.13
-6290.52,-4648.16,906.11
-1312.8,6460.41,-23.77
-3884.54,5324.65,-12.51
551.22,6579.39,11.81
6005.36,2651.97,-7.14
-3333.96,5698.84,56.09
-1729.97,7011.28,1389.91
-1992.15,7031.73,0.04
-2901.02,5933.66,38.43
-4053.41,5114.19,-9.7
-1211.88,-2711.91,5789.3
-6458.16,896.87,10.7
-5400.33,3734.27,74.89
-6342.4,2422.97,-184.21
5482.65,3462.96,398.75
3934.95,-5202.03,0.04
126.76,3816.57,6298.06
-5189.54,-5453.43,793.46
-4478.03,-4818.49,0.76
-150.57,6550.32,-3.27
-5138.04,-4139.28,-0.44
-3434.81,-1109.46,6422.2
-4983.81,5143.9,0.03
-4286.57,-5013.3,15.95
-2758.92,-6051.41,-0.78
4765.62,5722.62,0.03
7329.51,207.25,755.42
3703.15,6366.22,0.04
-2209.18,-6205.23,183.79
-2595.29,-6072.16,26.01
-4245.27,-4954.6,26.84
2235.43,-2783.38,6971.22
774.89,7721.76,879.18
3547.3,1616.23,6788.98
-2457.76,-1924.03,7186.81
2728.47,7318.87,823.7
4038.68,927.98,6652.11
-2524.74,-7353.37,1041.63
-7813.91,1086.38,0.04
-2708.83,-6035.17,-57.96
6575,-3279.07,0.05
-1237.95,-6452.54,28.51
-2231.31,-6181.59,15.94
3010.26,-5869.17,-3.46
718.75,-6535.63,25.24
-5865.03,4074.03,0.04
7329.5,-225.42,838.07
1889.61,-6310.98,-0.52
3445.95,-5601.27,-13.09
-1790.15,3200.52,6399.62
6378.55,-1646.09,15.01
1942.04,3187.1,6327.83
4610.22,-4696.48,-0.53
-7005.98,-136.42,0.06
6943.09,42755.26,0.01
-6652.27,-2048.06,0.03
-6999.33,-287.87,0.04
31965.63,-27496.32,1979.02
-35052.9,26312.03,1457.05
34835.69,-23734.68,0.02
41214.4,-13354.08,1956.26
38028.04,-20992.69,-918.54
-42655.73,9986.63,-1609.28
-39964.83,16646.22,647.67
-42047.42,10230.84,-140.6
-43247.14,1131.22,-1333.11
40976.46,-14743.5,-2111.13
41365.86,11873.8,4524.07
-25951.33,33387.85,-320.46
41877.88,4696.84,630.81
-33304.93,-26359.5,-1175.24
-41055.24,-6367.34,-6762.86
25763.02,-33358.02,-593.44
-33364.27,-25827.82,1182.03
30228.73,-29330.55,25.78
36512.88,-20962.38,1939.93
32741.29,-26658.57,150.25
-31903.8,27727.59,448.49
41905.71,4669.71,-446.8
-36335.14,-21273.04,2216.1
41533.2,7226.24,-620.53
-161.53,42133.03,98.14
-1931.92,6553.73,0.03
-5280.39,4574.94,877.67
-8527.42,-987.82,0.03
-7235.16,-1537.91,-23.24
-36974.26,-20460.33,-1597.9
41433.27,7538.62,-569.36
35315.86,23991.44,-503.2
35879.41,22916.34,-1600.04
3735.13,-41938.56,-3891.75
-9535.26,-41289.48,-1957.99
34389.45,24895.38,-351.5
330.37,42427.62,901.23
-18960.9,-37653.61,508.54
-5301.24,-41830.84,-4.3
-12661.5,374.14,24.4
-13988.78,-39776.84,-1.9
14298.2,39664.24,-1.38
-147.66,42166.69,-8.6
-41868.49,5009.52,18.67
14088.49,-39739.54,-11.03
16912.63,-38612.04,-30.76
-32756.13,-26551.45,9.06
25770.1,33374.18,0.53
33276.98,26292.71,-1964.71
-7308.59,2948.45,0.03
6684.93,-374.1,-30.23
3714.04,-5560.12,37.38
-6661.26,-673.07,-0.83
-5937.67,3098.39,-1.22
6680.01,369.11,-3.67
6446.41,-1767.22,0.36
-6669.45,610.06,29.32
-6545.41,-1318.42,0.33
5997.68,2959.58,0
-5015.98,-4362.74,-264.21
5203.11,-4109.13,533.55
3372.24,-5338.57,2541.95
5653.69,3792.74,-0.01
-3908.59,-5097.16,1976.58
38407.37,17320.22,2195.29
-37204.72,-20066.55,-1378.88
5090.94,-4272.37,-3.01
2012.98,7384.9,1894.05
3608.13,5417.41,191.24
7773.88,287.89,0.06
7731.41,916.55,0.03
7359.43,2551.4,0.14
3144.53,-7127.45,0.01
3693.61,-6863.79,0.04
5014.21,-5967.44,0.16
-217.62,-7791.78,0.1
872.22,-7749.55,0.16
-832.08,-7750.59,0.1
7684.76,1436.86,0.1
-761.71,7842.64,0.19
-1090.5,7811.2,0.07
7804.53,1008.36,0.12
7795.73,1025.18,0.1
7774.55,1224.05,-0.01
6549.29,-4397.83,0.04
6520.52,-4433.19,-0.02
6546.47,-4399.23,0.09
4610.17,6383.72,0.08
4555.01,6419.43,0.09
4626.75,6365.26,0.11
-23132.71,-40673.91,0.01
-41929.94,1353.9,-4129.06
-39755.48,-12362.54,-6567.51
39725.85,-14134.54,82.53
40330.29,-15184.36,-1457.65
-42191.97,7005.21,-2332.59
42817.32,-2874.48,1360.21
40016.86,-13286.8,-1260.75
-42448.28,1796.35,-1187.01
41998.4,-5321.57,0.56
41762.47,-5661.29,32.94
-28924.62,30718.17,-110.35
41165.1,-8985.67,-1412.94
41526.85,6939.96,2632.35
42146.07,-1183.39,444.32
42426.45,-2803.76,-769.31
-42443.02,-3902.88,-713.9
41675.24,6404.66,1455.38
-42226.86,3149.91,1463.73
-41953.53,-4899.97,-717.56
-40936.91,-10645.98,-1560.24
40828.09,10417.84,1577.35
-36265.51,21300.81,-2300.37
41155.92,9056.99,1019.98
39250.63,15782.15,1683.04
41402.38,7809.17,-555.51
39645.31,14391.22,-668.95
-33735.61,26092.74,-581.17
-36986.25,20965.5,-1187.17
-40494.77,11236.02,-3243.99
-38781.21,-16046.9,-7866.73
-35655.23,23404.99,1269.53
-38912.37,16192.86,-907.51
-22632.01,5043.14,-23869.22
-866.3,-6449.07,2.45
-1959.08,-2329.41,6718.72
-659.32,-16329.73,0.04
2338.44,-3476.74,9019.85
-2103.34,6214.27,-0.33
-6469.85,-593.09,657.23
-6405,-1493.32,0.03
6454.93,-1098.71,-0.55
-2295.79,-6129.72,0.04
-6266.18,-1800.8,50.84
6420.66,1413.96,0.03
-5365.93,3878.22,52.52
-2033.02,-6198.45,75.86
-3197.92,-5673.49,41.03
-3513.78,-5489.68,-1.92
26.55,6573.86,-0.35
-6528.04,266.17,0.03
-5433,-3658.23,49.53
7069.14,1475.34,0.03
-4126.99,6533.75,0.04
-6325.86,-5422.63,0.05
1099.65,6471.47,-0.35
6593.41,474.98,-0.34
-4021.09,-5119.22,-0.33
5983.84,-2742.14,-0.36
-5982.68,2749.96,-0.33
-5662.19,3265.08,-0.53
-6657.27,25.79,-0.34
-2548.21,6097.76,341.95
-370.57,6533.68,5.53
6191.68,-2135.66,20.75
-2818.63,6227.79,852.13
-1638.57,6638.17,839.13
-1198.34,1305.66,6646.24
1533.72,-6717.3,0.04
1536.03,-6717.17,0.04
-1561.78,3399.91,5774.12
-75.09,-6543.13,-1.41
-5986.97,4079.35,1346.27
460.9,-6501.6,97.35
6512.45,2290.73,0.04
4149.12,5265.2,-3.16
40989.49,9830.45,0.02
4148.8,5265.52,-2.63
-1746.24,7681.83,-0.04
4149.12,5265.2,-3.16
-5456.1,4500.68,0.25
40936.56,10138.22,0.02
-25276.19,33758.06,24.27
-30899.32,27161.42,9215.46
-7416.69,-41476.69,1377.5
18745.27,37778.97,-348.74
-42131.36,-1823.82,-427.52
-5077.37,-4180.87,-0.37
6170.28,2199.35,-6.62
14544.12,-14347.79,-4.18
-8132.11,-13509.96,-3.44
-10285.51,7428.48,-2162.75
8529.18,11789.56,-1083.63
5308.96,12197.71,-1768.01
10507.28,-7297.71,-2218.46
-11375.06,11400.72,4525.18
-4134.4,-5040.92,79.7
-6118.65,3876.55,0.04
4493.75,5694.11,0.03
-242.23,7267.52,0.05
-262.81,-7222.86,0.04
4920.15,5298.15,0.04
6531.01,3168.63,0.04
-7206.3,672.38,0.04
2947.02,6627.22,0.04
-1430.09,7146.34,0.04
1108.03,-7166.35,0.04
2262.83,-6113.43,6.96
-502.12,7225.48,0.03
7256.25,-312.03,0.03
-3297.2,6495.27,0.04
-1983.44,-6968.21,0.05
7202.61,-436.39,0.04
917.33,7190.81,0.04
-7218.07,484.44,0.04
-2304.65,-6895.43,0.03
-154.07,6525.91,41.21
2093.29,-6493.98,0.04
6233.74,-1975.64,35.87
-6098.23,-2325.78,22.75
3920.76,-5187.66,-29.84
6288.44,3545.7,0.03
6440.96,-915.83,18.48
-6162.61,-2149.59,-2.32
-5872.27,-2832.85,-5.71
6113.82,-2300.12,30.31
-5664.87,4486.68,0.03
-6357.3,-3484.97,0.03
-2711.7,6816.02,0.04
5105.17,5241.73,0.04
6070.05,-4110.75,0.05
-3687.65,1129.58,6229.41
-7311.5,-453.51,0.05
7335.22,-144.58,0.03
-6062.59,-4000.04,864.25
-2774.46,-6635.14,1398.64
7112.85,-1810.04,0.04
-7133.69,-1362.78,0.03
-143.4,-7335.24,0.05
4516.98,637.2,5730.35
6641.2,2910.73,0.04
1065.61,-7163.32,0.04
7216.9,-619.41,0.04
-5199.69,-5012.38,0.05
-5436.97,-4748.7,0.04
2303.61,-1339.52,6817.32
-4877.12,5377.78,0.04
-1408.25,-7281.11,1549.46
-3174.3,-1621.6,6678.92
-2603.66,7119.28,769.94
-5372.88,-5287.56,772.81
7578.63,-157.58,0.04
4319.11,-6215.3,0.05
-5164.5,3551.97,3886.16
4048.78,5954.04,0.08
6570.44,-2927.63,-0.41
6871.97,87.68,0.03
7154.6,792.3,0.04
-2286.89,-6174.71,8.72
3941.83,6005.52,0.04
5623.32,4482.78,0.05
11209.57,22169.57,1311
7414.18,7785.44,-0.62
7468.74,2685.33,-0.51
4397.31,7436.71,-0.57
-13796.48,14905.79,-7.33
8888.61,5374.68,-0.62
-11564.75,2652.42,-0.68
6984.14,16034.22,-5.42
-4327.72,10775.61,10.23
9741.79,16911.5,-16.62
-10588.19,10489.96,60.05
-1143.42,10862.32,-44.71
7810.57,1881.17,-0.52
-18620.19,-2803.77,531.12
7622.63,-2833.1,-0.53
12457.03,8269.75,-66.04
8194.54,17084.36,2.66
-9010.58,16176.05,58.55
-6460.52,-1799.01,-72.47
6874.61,-2601.51,50.07
16689.93,-63.12,-0.11
8910.98,-3928.22,0.1
9306.01,1335.46,-0.56
14215.46,1816.51,298.6
15918.38,2717.9,14.78
2843.43,10761.61,-0.06
6967.05,950.08,-13.65
6106.43,-3237.31,51.57
12843.77,1502.09,22.02
6725.44,7509.78,0.08
1205.71,6455.83,6.75
6654.14,570.64,414.56
-684.64,8080.77,-1693.39
-35.47,11363.26,6.91
-11907.74,2812.56,0.11
-1858.84,6798.93,109.37
-3591.56,-5797.01,790.24
7238.14,-1714.44,328.7
2713.63,1681.69,5654.63
-3529.43,-4023.79,4800.5
-6823.99,-89.87,7.12
1706.06,9403.73,0.8
5760.62,3590.27,12.52
7859.93,-14375,0.1
10711.02,8331.52,13.76
5460.65,4111.74,0.38
-271.95,-6731.61,99.32
11351.95,13119.26,0.14
10781.93,-2458.4,0.28
1683.23,3121.83,6242.9
5392.51,-4188,-44.17
-12582.64,8566.53,17.77
-3692.62,-2232.49,5429.58
1229.46,6600.77,29.48
3323.67,5695.21,126.46
6060.16,-3298.76,-1.15
3210.26,-2635.82,5396.31
4211.02,5176.46,90.39
-12559.39,5937.88,0.06
4413.22,13544.47,-267.27
-4956.38,4696.51,84.51
-3804.48,82.99,5698.07
2970.43,5869.67,53.31
-4170.64,5941.7,-640.81
200.18,-6434.23,2572.58
11711.14,17378.51,26304.16
2560.3,6118.43,0.12
5495.22,4062.4,135.65
8669.23,8746.72,-962.17
3714.56,-5470.6,-500.83
-2985.77,-1821.65,6061.37
652.96,3181.08,6237.36
11165.88,6672.02,0.12
3986.42,-5332.04,12.33
-5280.61,4554.68,-3.19
1151.76,6498.71,21.96
2669.31,5996.87,138.27
8262.01,3579.37,-0.56
2849.92,11216.88,0.02
-1064.3,13283.51,0.08
-3249.74,6022.71,0.48
-4385.95,5634.82,583.96
-4695.95,8008.91,-26.85
-3830.85,5513.95,123.63
6016.24,3428.79,0
-11078.14,-2005.34,-0.06
6885.43,6570.38,0.05
-4245.43,-1939.95,4854.6
6605.45,2792.21,-0.51
8237.46,2820.41,0
5154.94,-7991.6,-7.88
-3405.85,2460.93,5522.68
544.65,3906.48,5355.23
-41885.61,958.11,-4740.4
523.66,12146.06,-29.92
-11239.34,-920.15,0.06
-7610.76,10620.82,-12.61
15960.12,5012.9,0.08
-1074.44,3458.21,6355.52
5052.75,-8039.08,0.29
5380.87,4628.14,29.38
-766.61,12440.44,21.82
-3403.94,747.14,5959.12
-20439.44,3654.22,2666.94
11094.98,15470,542.41
6984.56,10115.18,21.72
3483.94,19626.95,258.96
-15435.42,7613.04,31.23
14195.11,7710.07,-7.38
6387.63,-4183.38,1.59
10067.37,1259.09,0.03
-6109.27,-3238.81,61.1
7992.53,2774.31,0.04
6059.35,-2855.16,48.21
6613.05,-1532.67,37.62
-3975.63,-11289.34,-0.08
6535.32,1385.2,28.63
6250.75,-3010.79,-11.93
-3327.44,-3452.18,4654.28
5119.59,5296,67.24
17091.67,1072.4,24.52
6558.01,-867.4,29.44
-8269.75,11332.08,0.63
5850.14,-9145.47,-781.85
-3291.86,-45.57,6207.28
6783.28,-1252.01,100.99
8211.3,1665.83,-437.82
-9781.98,-10516.95,-1902.01
-1355.29,6625.36,674.81
3667.92,5772.65,15.85
-16840.65,-415.04,0.06
616.69,-4252.37,5757.99
6869.13,-342,42.85
998.37,6164.77,2400.88
-6551.01,2826.59,87.52
-12118.73,-10648.16,0.01
-232.45,-6482.06,1629.54
-3767.88,5446.18,-2.42
-4365.66,-4176.38,2834.57
-4841.54,4629.16,-38.33
-768.73,3394.54,6167.9
-1892.59,6292.87,183.24
2535.19,6602.31,78.4
-751,3557.62,5837.35
-801.5,-6701.87,1.11
4499.01,10987.76,0.06
1560.66,12156.65,-1559.06
9189.28,-7795.74,0.18
6131.63,-2713.22,8.82
5415.81,-4161.16,4.16
458.42,3204.65,5921.21
-405.49,-5773.21,4117.73
-11386.56,1351.93,0.06
5541.8,-3501.57,106.16
5059.34,3077.31,3369.73
-5667.76,11362.61,8.54
-5177.52,10678.27,0.04
-3402.09,-66.57,6122.55
-6220.74,560.46,2114.09
437.08,3011.97,6035.76
-11918.6,6206.68,177.59
-4721.77,-4167.04,2966.24
-8212.61,8714.21,0.1
17740.8,-6488.93,1480.73
4368.52,5103.23,0.03
7072.94,-1411.78,0.03
-6482.59,2836.3,0.04
-6090.23,3567.99,0.11
-1118.96,-4297.74,5202.55
4239.11,5897.59,1028.83
2983.37,1264.78,6596.78
-2889.22,-6665.26,1314.4
6384.92,-3444.2,1358.59
-3277,-138.28,6574.27
3035.95,6361.9,0.12
564.56,-3324.97,6521.62
-1435.43,7750.82,0.07
-1437.23,7750.53,0.43
-1436.43,7750.75,0.17
-1438.25,7750.62,-0.23
-5675.19,-5031.13,0.12
6667.02,967.64,0.03
6565.65,1504.17,0.03
5087.37,-4691.01,0.04
3653.17,118.96,5889.94
5783.59,-3869.6,0.04
4928.82,-4970.39,0.05
6210.62,3273.94,0.04
2272.79,-6614.07,0.04
2391.77,-6571.17,0.04
6395.15,-1113.35,0.09
5815.54,-2951.86,84.26
5772.89,-3045.01,0.26
5033.55,4128.63,4.82
5019.93,4179.5,170.03
-2074.99,6183.97,18.06
-2127.27,6157.88,89.37
2407.2,-6488.76,0.04
6145.86,-2365.4,5.24
-6443.29,1174.47,-10.75
4149.12,5265.2,-3.16
16731.32,30136.72,18102.91
13549.27,-8176.25,10717.25
6547.62,1176.04,-0.49
52121.5,-59198.9,152238.72
-6184.45,2524.97,-0.48
-37797.48,-20465.02,82878.45
-4332.54,-13098.06,-5643.75
-6761.38,8898.57,12.26
-10489.6,-2667.53,-101.43
-6273.64,2410.03,-47.26
-1449.52,-6547.89,0.03
-5102.2,-4354.29,0.03
2909.82,6062.33,0.03
-6.26,-6612.3,1.94
83.16,-6671.06,11.58
4516.47,-4987.88,-8.64
6697.4,-639.64,0.19
6708.68,-521.24,80.06
4419.62,5049.5,19.63
4400.73,4883,-25.86
5750.93,-3447.7,1.16
5519.34,-3696.16,-8.85
-5872.83,-3114.24,-4.57
5254.67,-4209.83,0.06
6725.76,12.29,-6.93
-6249.27,2511.93,-22.89
-6696.68,497.12,32.53
-6165.19,-2653.02,19.56
6454.07,1301.22,-2.62
-5630.54,-3711.99,-0.63
6594.43,-1310.2,-17.22
-4760.9,-4560.47,134.7
6674.3,-718.82,-0.51
6560.18,1538.21,-3.33
1535.36,6527.91,-0.38
1400.31,-6587.94,0.96
-2253.33,-6335.22,-18.5
2874.77,-6075.41,10.07
-3881.99,5495.77,12.81
-5263.8,4195.4,0
6218.69,-2569.05,5.78
3959.78,-5454.93,10.04
-1914.48,-6397.59,-0.35
-6614.49,1285.13,2.4
-596.2,-6471.76,69.18
1392.46,6614.28,6.98
-5518.52,3821.35,-14.06
-6404.56,2074.06,-12.75
5529.03,-3911.41,0.03
3212.08,5909,0.04
-6399.48,-1598.87,-251.41
1363.02,3978.41,5310.1
2934.24,-3541.93,4971.4
-5394.85,2195.94,3457.29
4909.86,3963.33,2483.51
290.5,-4545.37,5019.18
3483.97,2802.97,5121.45
-5769.24,1476.57,3210.2
-5277.87,2868.33,3155.28
2880.08,5983.66,-1410.39
3997.05,-4452.45,3199.95
2172.68,6250.82,1564.04
-5486.4,-2988.68,2660.29
3005.19,-5998.39,-4.64
4438.23,233.12,5051.52
942.94,-4242.07,5124
-2941.02,-2969.24,5256.54
6183.25,-233.23,-2658.61
6000.89,-1973.86,2370.15
1010.38,-4195.07,5162.12
-3639.22,2209.55,5205.14
6635.84,-747.72,839.3
-1438.28,-6376.55,-1383.27
-2723.45,-6206.33,12.73
890.18,-6696.45,3.97
1311.68,-4035.13,5262.84
6721.63,910.2,0.76
2237.55,-5497.93,3229.88
-6599.45,-1583.45,-4.64
2546.9,6289.21,1.46
-4709.22,4841.15,1336.77
6375.22,-2305.94,4.57
6618.01,1255.83,20.38
-5992.78,3145.87,-14.63
-6501.48,1561.85,841.03
182.38,-6772.1,4.57
-5679.02,593.87,3683.52
5684.56,-3230.48,0.8
5896.86,3265.88,19.61
-4526.51,5039.2,-1.94
2730.2,4232.24,4553.31
6641.87,-1308.83,-1.59
-781.32,6695.58,4.82
-1660.89,-6578.24,-8.48
-5999.18,3131.19,-0.58
-1034.62,4132.63,5270.06
-1954.43,-6478.92,-8.56
-5968.16,1854.42,2675.3
4608.35,-4969.15,2.23
-4118.83,1965.54,5021.61
-2094.99,6444.98,5.44
-3514.64,-5759.54,4.75
4152.76,-5352.2,-57.21
-3356.6,2570.49,5319.78
4354.75,5190.33,-11.55
613.66,4184.29,5291.15
-52.87,-6772.93,-5.6
-2002.91,-6258.81,1661.24
1099.36,-6685.44,-4.94
1210.72,-6414.5,11.1
-3675.82,5688.36,20.85
1988.96,-4444.03,4715.52
4251.47,-5275.79,21.81
-3635.54,2239.33,5257.47
-4904.17,-4674.34,-2.11
6593.69,-1534.93,-1.74
-828.48,-6704.04,-5.32
3733.75,5628.09,-1.69
-5566.87,-3842.33,0.03
6656.69,1243.5,1.56
-3496.01,-5799.15,1.13
-3813.24,-5586.02,-0.28
-6270.14,2514.39,-75.78
-5098.33,-4425,-25.49
-94.52,6741.94,0.48
-5853.95,-3383.38,-3.79
3260.63,-5891.13,21.85
-6639.63,-838.16,-2.71
-4072.68,-5298.86,0.1
6397.14,-1483.09,1063.12
5015.41,4534.91,75.79
6503.84,1823.59,-23.62
5910.12,-2392.41,2278.82
-6280.14,-66.06,2483.36
5317.27,-4150.32,4.21
-1804.46,6483.2,63.19
-3779.06,-5596.76,-13.15
-3504.97,-4396.03,3690.3
-3582.36,2195.49,5252.2
4151.85,734.23,5238.38
6437.4,941.25,1717.38
-5879.64,1223.56,3032.57
6247.25,-1822.1,1699.92
-4667.19,-3068.35,3738.94
6531.88,-483.21,-1515.47
908.61,-4332.97,5043.03
5132.35,2822.14,3277.95
5057.1,4463.97,-0.05
2789.03,3186.85,5197.4
4589.15,4850.27,-633.01
2071.52,-6373.91,-223.89
6294.91,2069.61,-1105.24
920.14,4740.34,4677.23
-5880.56,-3282.28,-0.71
-1070.22,6635.42,-7.44
3662.09,-5149.72,2292.62
-4717.97,4831.95,-0.03
6294.06,-2454.42,1.74
-3657.7,5710.46,-10.31
-6463.9,1807.01,32.23
6336.74,-60.53,2021.37
-5960.16,-2373.15,1999.14
5596.28,-3706.07,-146.6
-6515.69,1820.34,-0.51
6480.49,1831.67,-127.28
-6416.49,1805.31,-3.4
-2628.65,6239.05,26.94
-4034.21,-1896.32,5079.96
-1717.54,3903.37,5257.16
5205.81,1822.2,3906.53
-5956.09,-2804.72,-9.48
-249.87,-6538.61,-9.65
6494.22,-1275.19,-8.96
6459.38,926.18,-0.84
2264.16,-2683.17,7260.51
2571.83,-3919.72,6562.13
1606.8,-3536.62,6925.04
-692.63,-7089.67,3683.07
1567.28,-3039.19,7252.76
7270.98,-3195.03,980.53
-1981.42,-3511.97,6936.2
-5290.98,6008.16,756.58
-6520.5,5237.91,0.04
-32141.96,27196.43,-2097.19
-37424.72,19286.94,-2166.05
-36502.24,22367.75,393.5
-40956.98,11610.36,1823.75
39292.3,-15138.34,1905.65
41613.47,-6664.17,-1137.13
-39063.07,17597.28,-637.03
-38338.39,16614.08,5684.81
39672.74,-14129.77,1610.59
40593.89,11325.96,-1197.15
-40439.72,11786.45,-2021.57
33490.94,25530.97,1958.43
-41464.87,7204.05,-2415.93
-35427.71,-24086.45,-503.25
-41653.01,6053.98,-2485.69
31005.37,28600.7,631.14
42304.79,-5760.53,2306.74
5840.45,41804.09,2032.17
41774.07,-8745.45,888.82
-16359.64,-39128.57,130.6
37334.69,19587.28,-0.11
-10559.89,-40811.79,14.72
-34505.94,-23156.25,-6792.69
-42847.31,6796.04,-867.01
41859.36,-4437.95,1706.18
41222.88,-8959.42,-203.18
41263.62,-8847.74,-500.37
42028.44,2699.94,2073.01
-42156.78,730.21,-1052.42
42099.17,-1850.23,157
41983.43,3155.42,1532.2
41748.1,-5734.7,-1537.35
40944.17,9712.59,1791.73
-22826.96,35431.73,254.25
41168.37,8942.56,1211.21
41700.75,6126.32,170.98
41362.71,8216.62,272.04
-3048.99,5912.87,278.23
-24486.69,34398.76,323.41
31131.32,-28405.8,1044.59
36473.54,-20993.57,2462.06
-40275.99,11826.21,-4086.41
-32415.36,26370.2,-838.3
-35267.21,23077.82,-1385.88
-6358.98,3724.72,0.01
5025.51,4393.61,1.19
-4528.76,-5254.33,0.03
6380.64,1846.64,26.46
6587.8,572.57,4.93
5198.05,4134.94,-12.72
572.15,6617.45,-0.42
-3637.33,5518.41,1.75
6339.75,-1881.56,2.57
5108,4192.34,-2.73
-4452.56,4885.89,4.35
6479.77,1288.85,-1.04
4521.9,4813.3,-0.6
-5223.62,4052.62,-2.71
-4764.21,-4568.8,-0.58
-6496.89,1159.02,0.08
4377.09,5000.97,-1.42
-6461.55,1553.17,-0.74
387.62,6636.89,7.65
-2698.23,6071.04,-1.88
-6091.17,2653.8,-0.08
6617.78,593.07,10.01
2311.41,6232.76,6.06
-3535.86,5625.31,-0.75
-6377.97,1869.48,-7.77
3160.74,6259.31,0.04
4847.74,-5311.84,0.03
369.11,-2745.42,6262.94
1633.71,-3476.76,5657.26
1612.46,-3508.71,5647.36
6328.1,1720.9,-0.37
5013.86,4195.64,-0.35
-6079.25,-2581.63,-0.37
-3798.17,5354.33,-8.82
-3727.92,5400.34,19.26
3484.67,5663.91,-18.87
-6247.08,1798.54,18.49
-1101.53,6683.74,750.72
5480.83,3527.9,99.49
-5244.39,-3888.73,141.66
-6725.21,-1529.76,0.04
-6779.13,-1219.89,0.04
6522.02,1731.88,0.02
6399.36,2143.25,0.02
-4832.17,1459.47,4734.42
-4624.57,-4671.8,-0.86
-5763.51,-3201.84,-0.36
-5658.5,-3415.83,-0.36
-6516.88,-1610.84,-0.36
-3399.74,-5661.42,-0.36
-6082.52,2656.94,-0.36
845.43,-6583.82,-0.36
-6377.41,-1666.29,-0.37
4142.13,-5284.14,-0.37
-6003.6,3034.38,-0.36
-1134.59,6499.06,-0.37
-6324.89,1758.91,0.09
-6709.39,-250.51,-0.37
-5133.1,-4218.52,-0.35
-6132.77,2528.98,-0.47
2117.38,-6289.97,-0.35
6619.88,-339.36,-19.48
3476.56,5728.29,-427.6
6631.63,-1041.81,196.22
1978.51,6411.39,-0.35
5945.36,2769.6,-1496.65
-6590.17,1283.22,141.15
-6098.51,2465.15,0.11
-4949.55,4052.06,-1877.14
-3197.73,-3775.2,-4579.52
-6636.66,-963.66,62.47
-1455.51,6563.25,-71.32
-2677.73,-5419.25,3034.21
-5066.02,-4395.1,0.03
2753.85,-6114.48,0.03
-4221.32,-5222.04,0.02
2268.02,-6273.89,-0.72
4690.13,4816.39,0.04
-4077.87,-5172.94,-0.84
-4839.58,4654.43,0.02
-5174.66,-4074.26,-0.85
-6569.03,655.05,0.07
-6433.69,1381.42,0.09
-6362.21,1692.64,0.08
-283.01,6572.08,-0.37
-2714.03,-3951,4782.5
-6175.76,-57.06,2801.15
421.32,-6071.31,2986.34
-2720.06,3349.2,5226.23
3176.82,-2774.81,5304.46
2105.98,-3652.75,5301.89
-1623.09,6277.57,1990.07
6030.19,-417.1,3072.25
741.66,-4231.35,5238.09
3492.13,2583.54,5203.97
-6633.94,-1403.76,450.77
-5486.4,-2988.68,2660.29
2742.09,3203.19,5316.36
-5486.4,-2988.68,2660.29
-4880.16,4625.67,-0.28
-5543.7,3729.16,9.57
-5483.36,3576.6,0.16
4105.47,-5358.24,-38.5
6385.55,-1235.79,-173.45
-6650.98,-928.68,8.08
-2083.58,-6211.32,0.88
-6084.81,2847.43,-30.55
-545.59,-6545.93,89.65
-4630.17,-4888.31,5.61
1110.68,-6428.54,31.78
-6322.58,-2250.87,-96.88
1534.28,-6315.25,143.67
-2912.21,6027.48,27.6
1993.41,-6329.38,0.02
542.78,6693.5,-315.35
-6430.67,-1784.09,8.88
-4258.13,5128.06,-0.1
-1280.31,6610.1,3.48
4679.44,4755.13,-29.29
-5262.01,-3874.93,0.44
6406.06,1985.21,7.76
-3915.84,5231.13,-1.52
5697.95,-3556.19,28.8
-6530.6,1707.31,-17.39
5317.44,4157.34,-2.23
1701.68,6561.48,-1.05
4450.3,-5112.01,1.25
6328.46,-2444.29,0.67
-6589.34,-1553.58,-1.28
4358.6,5182.45,-35.95
-2745.18,-6189.72,-1.04
1355.69,6640.63,5.2
-6053.41,-3040.17,7.61
3687.86,-5589.56,-8.64
-3064.57,5753.91,31.73
-3928.89,-5515.15,-0.24
-342.03,6763.68,7.65
4853,-4720.74,9.4
-2516.91,6278.01,19.77
22.61,-6769.17,0.02
-6108.13,2905.9,-3.8
1619.46,-6560.16,7.2
3465.86,5783.31,13.37
-6728.85,-414.97,15.13
6203.95,-2616.19,0.47
-4652.01,-4852.33,0.43
4114.14,5058.14,6.04
135.52,-6739.72,0.02
4078.86,-5388.67,9.48
-4021.43,5446.11,10.91
792.99,6662.88,932.32
-5616.28,-1327.72,3514.68
3575.95,5514.47,1612.33
2393.17,6288.18,7.46
3783.22,5347.56,7.11
4832.57,4666.81,-15.28
-2438.86,6048.2,42.66
-6647.98,-1073.29,131.73
-1163.66,-6665.92,-604.77
-6055.92,-3059.53,18.99
2852.68,6126.35,3.28
-5728.76,-3112.99,16.46
-3427.47,-3456.52,4623.11
3581.64,2584.22,5150.08
5577.22,-546.88,3690.5
1627.76,5713.43,3293.4
-3594.53,2539.57,5085.55
-1002.1,-4333.89,5138.06
3318.1,-5807.58,-810.82
-1823.46,3832.13,5294.81
-5455.84,2206.21,2997.93
5106.43,-4256.85,-64.72
5699.86,-2872.18,2105.9
569.06,-6076.77,2947.04
111.4,4271.13,5179.56
-3667.98,3069.92,4796.76
1896.72,3956.16,5084.99
3766.26,2031.07,5258.48
-3687.83,-4242.37,3701
2661.4,-3396.44,5224.23
-4013.05,-1713.67,5118.2
-1562.51,4513.58,4805.2
4304.78,-1575.38,4911.45
-3382.89,-5590.72,1715.82
1783.98,-6477.97,-4.99
-4972.62,2241.79,4024.98
-1339.62,5145.82,4180.1
-2640.93,3402.19,5227.07
-4186.11,50.73,5285.81
4052.54,-2092.88,4944.59
-1352.85,4660.9,4716.51
-6188.87,-1265.68,2349
-6365.37,-1086.47,2101.27
6431.58,945.48,-1780.17
-6661.48,-799.43,1113.2
-2244.68,3516.97,5264.93
-5679.02,593.87,3683.52
-6704.96,-489.36,11.36
3712.92,-3238.24,4645.6
6588.81,1269.11,-245.16
-3441.77,-2647.04,5198.34
-3492.48,2376.53,5192.51
3002.65,-3187.78,5184.69
4149.12,5265.2,-3.16
-11913.58,-27684.08,27135.43
3824.37,-5324.93,-12.27
-4042.44,-4774.98,-1881.16
4893.28,4404.61,-12.2
4012.69,-3669.4,-3801.17
4232.83,-4994.59,-238.9
-10.96,-6532.49,-12.05
-6341.67,1894.99,-48.51
-2077.62,-6165.98,-733.49
4586.14,-4694.65,-12.13
3242.79,5651.4,0.34
-4597.38,4856.81,-12.26
-5315.46,-3854.02,-31.12
-5268.62,3948.09,-54.21
-5387.95,3726.27,-22.18
3313.55,-5651.58,-52.9
-6274.37,1734.78,-0.84
-2597.64,5999.62,-1.59
-7232.33,-946.36,0.04
7276.16,793.66,0.04
7123.4,1021.33,0.04
-1478.01,7749.29,0.03
-,-,-
5334.57,-4488.23,0.37
-3966.78,1372.26,4989.05
-5075.76,-4147.6,-475.86
6848.66,2655.94,0.03
7129.73,981.25,0.03
5896.28,2818.58,0.02
4550.64,-600.44,4625.58
-4121.07,3446.99,3734.74
-4773.27,5517.26,826.81
7165.74,674.72,0.04
6308.78,-2793.71,0.03
43884.05,2501.28,0
-4535.19,4864.53,-8.56
-1335.78,-6475,-0.37
3685.32,-5424.66,-0.38
2342.54,6472.12,0.04
-6465.54,1281.12,-8.63
4687.2,-4712.33,-10.84
1398.39,6418.28,-49.31
-2494.68,6067.25,-10.73
-2265.42,6163.23,-12.27
-1235.18,6422.96,-16.09
1910.39,6270.29,-12.2
-40485.24,-13439.16,-88.78
-36851.29,-20693.33,-1.6
25186.4,33765.81,-1159.81
-26889.73,-32465.86,251.48
-12034.47,40414.51,21.78
36227.26,21569.08,-13.04
-33265.91,-25904.03,10.03
2788.94,42079.65,7.76
7574.2,2107.84,0.06
-1230.41,7791.16,0.04
3719.42,2825.84,4555.27
334.34,6621.7,-0.85
6752.56,2506.53,0.04
-3020.87,6111.33,-0.08
-5382.39,3732.9,60.02
6399.02,2762.02,0.03
-5443.9,-4628.59,0.07
6743.77,2529.89,0.04
2814.42,-6391.76,0.04
5411.58,-4432.25,-0.13
-1889.51,6270.3,0.03
-1862.05,2436.47,6149.74
-5406.2,4236.15,0
2055.53,6877.94,0.04
-2648.2,6495.21,0.04
7066.38,180.37,0.04
6929.9,-1203.01,0.03
-4544.92,5443.19,-0.14
1340.12,6905.97,0.06
17269.92,39448.07,-132.36
-23424.7,-35814.9,1054.51
-36963.3,20318.39,-11.79
2213.95,6489.95,0.03
-23989.08,34685.05,0.51
-5620.71,-2513.18,2611.72
-42232.75,-1221.68,3921.43
3637.84,-2728.57,4932.13
-4581.79,4900.49,-730.3
3661.04,-5694.12,-555.36
-5472.84,3848.71,0.02
2584.72,3364.82,5276.31
3190.65,5682.9,-0.44
-21075.92,-3396.33,-0.04
-5871.46,3129.59,-0.01
-6708.23,-2300.49,0.05
-33266.15,13591.18,-2111.97
-30975.14,12111.68,-2014.54
-39755.33,13115.36,1002.27
97717.65,-34599.93,0.05
-15125.64,-25495.36,82508.77
2461.79,6654.47,0.03
14922.63,-39431.88,-25.96
-6217.38,-3417.29,849.63
5907.05,-3988.58,0.05
-5575.13,4024.29,0.03
-3928.87,9310.97,0.04
382.16,6942.14,0.04
2523.68,-6377.12,0.02
-17722.62,-7459.84,-615.45
8387.69,-28377.14,0.05
-28693.72,7245.35,0.02
-28689.1,7257.79,0.01
8315.3,-28403.99,0.03
8294.81,-28404.12,0.03
-28743.07,7053.12,0.02
-28747.47,7026.39,0.01
-28757.7,7014.81,0.01
-28751.77,7035.45,0.03
8239.48,-28427.27,0.05
8228.32,-28430.12,0.07
8239.91,-28424.26,0.04
8229.53,-28430.79,0.06
20777.16,21082.38,0.01
20791.63,21067.52,0.05
20779.4,21080.91,0.02
20793.45,21064.41,0.03
27285.4,3705.96,0.03
27417.38,3235.8,0.02
20618.02,21244.22,0.04
20623.6,21240.84,0.05
8405.38,-28367.08,0.05
19901.72,21846.93,1550.42
-28739.16,7097.91,0.02
-28738,7097.07,0.01
20670.56,21177.77,0.04
-36887.21,20820.66,-2620
-3937.96,-41965.63,-21.98
17019.76,24360.97,0
-2502.42,30104.09,0.09
6258.44,-1737.27,38.95
13706.52,39877.11,31.72
-5634.88,3931.38,0
-8223.71,10915.59,2.04
-5439.46,41837.62,337.69
-74579.68,-80439.9,11509.22
6133.27,-3365.49,-0.14
2571.88,-7224.27,-0.04
9839.79,6032.9,5.01
9093.24,1754.02,439.13
-42832.28,5797.41,-1485.07
-43867.55,1960.04,-1471.96
-1059.24,-3917.82,5139.09
-35247.23,23123.32,-2368.99
-41675.26,9178.54,-1746.05
-43000.17,3538.04,972.6
-42773.67,-4663.17,-397.97
40325.9,13858.97,2175.03
40926.88,-8517.88,-1004.58
-33971.81,25571.32,364.65
5993.02,-3500.12,0
-6470.62,-2895.43,0.03
1756.63,6981.66,0.04
6581.22,2601.55,0.11
6581.5,2600.92,0.1
149.34,7168.5,0.14
136.78,7168.71,0.08
1066.33,7104.22,0.05
1077.92,7102.37,0.04
4932.32,-5256,0.05
20643,21584.12,0.01
-30931.53,20876.67,-788.34
-6648.05,-2605.51,0.03
-5965.09,3790.51,0.04
-6752.82,-917.04,0.04
5770.42,-3750.46,0.04
-6728.07,-1083.69,0.04
11544.34,23708.16,-249.8
2240.21,5414.82,16798.69
4573.72,-4705.21,-0.61
6371,1570.3,-0.61
-6293.31,-1933.88,-0.58
-23541.48,27343.9,30475.25
-651.99,10132.63,2533.96
-1965.9,-6301.39,-0.59
-4367.37,-4981.07,-0.13
-1020.68,6954.11,-0.07
-24858.52,-34040.92,-637.54
-23125.75,-35255.3,-15.89
-38777.78,-17416.58,-1012.28
33164.28,26821.28,1341.31
11903.95,40417.94,1543.09
-27804.97,-31678.13,1130.8
2627.02,3432.26,5749.12
283.35,-2633.2,6684.82
2047.47,6903.21,-0.08
-19040.02,-38249.74,-57.21
32323.26,27085.41,25.52
-41117.17,9370.21,25.53
-2670.04,42491.5,1557.9
31268.16,-28285.11,3.14
-40349.04,12268.73,0.11
-17678.38,38905.91,425.43
29082.38,30539.14,23.33
-16399.47,-39446.72,-415.85
30568.15,29553.99,-1395.86
32005.12,-27413.9,-54.76
13153.05,40605.6,295.29
25770.84,33377.57,29.54
4298.64,42417.44,1133.52
23256.73,35176.89,30.54
-446.73,42204.66,418.65
41553.74,-6981.04,-1176.69
22919.87,-35377.4,-44.33
-17532.79,38738.16,2090.26
29220.83,-30318.34,-1774.4
16766.44,-38665.75,-62.22
-2440.65,-42080.41,-49.51
25444.43,34279.36,337.38
-26471.43,-32804.1,106.85
-33029.13,-26204.75,-15.01
39288.92,15364.14,4.85
42172.2,-262.26,-25.34
419.18,-42144.29,-60.23
368.23,-42152.55,-42.11
35105.49,23359.4,-4.59
-39641.73,15052.83,2062.38
5315.42,42327.2,1494.84
32815.19,26487.66,-31.47
3322.2,-42015.05,-55.37
30753.42,28846.51,-18.22
14839.51,-39447.55,-53.74
3342.79,-42009.51,9.35
383.81,-42159.85,-24.88
-40305.62,12380.91,8.44
17920.53,-38142.57,-201.84
-5591.34,41792.93,13.65
41631.6,-8832.4,0
42546.63,769.44,1921.06
-42676.69,-101.42,73.41
42740.25,808.54,-684.85
-38307.43,-18151.68,-1703.54
-38059.38,-18988.86,-1295.77
39409.9,15699.17,368.22
-37662.07,-19664.14,-792.84
-6190.75,41710.18,29.32
-41005.63,9852.62,28.89
-35623.53,-23003.41,1955.34
-4878.61,8216.6,0.01
-32451.71,-27374.29,-261.55
-25971.49,33509.1,1251.13
35823.48,20776,-1722.4
-23020.13,35456.02,503.29
-21743.93,36258.92,520.35
2560.35,6396.82,0.04
-5453.92,-3592.67,12.7
760.36,6839.84,0.04
413.82,6941.17,0.04
6365.05,-2785.63,0.04
6367.44,-2780.52,0.04
668.58,-2845.37,6213.14
433.6,6938.34,0.05
18044.54,-38101.84,-19.13
5855.19,5285.12,0.01
-6579.69,-2097.59,0.1
-35131.3,4395.1,393.91
-6449.64,-2304.73,0.4
-6740.3,1750.37,0.05
-2941.78,6164.04,0.04
-6822.39,3369.07,0.04
5968.04,-3762.01,0.04
-7375.14,-1572.91,0.04
-6007.5,-985.01,3291.79
5431.82,-4519.98,0.05
6423.87,2690.54,0.04
1725.61,-6738.45,0.04
6864.89,2389.18,0.04
5845.08,-2986.31,7.81
6179.96,2437.08,18.04
-1075.35,6538.95,653.82
6841.4,-1608.34,0.03
-1327.08,-7087.06,0.02
2057.47,6657.45,0.01
-6130.02,4203.94,0.01
5216.55,4333.44,0.03
6406.5,3012.17,0.02
-6565.81,-2140.73,1.49
3483.82,6135.14,0.03
-6651.99,2190.47,0.04
6746.03,-2420.66,0.03
-2816.74,6207.57,3559.02
7082.33,-2163.17,0.03
9421.27,30441.94,0.1
6708,2306.62,0.04
-1220.96,6947.06,0.03
6183.44,2312.66,1.4
-6576.47,-2686.78,0.21
638.63,6848.03,0.04
113.9,7078.15,0.07
115.35,7077.95,0.13
-801.44,6502.37,10.67
2332.06,6475.25,0.04
-6640.05,3880.91,0.04
3070.46,2695.45,5789.97
-5994.78,-2536.71,699.81
7720.61,-69.28,0.01
-5618.83,-7704.64,0.01
2307.62,-1407.75,6530.88
6964.67,-1552.55,0.04
7167.13,798.77,0.04
-1679.9,6894.17,0.04
569.51,6995.12,0.05
1002.26,7007.74,0.13
-3463.14,5723.43,-0.5
596.8,-25834.08,33532.58
7297.72,1419.67,0.02
3178.16,-1056.39,6345.86
7631.89,41479.48,4.88
38621.1,16917.81,-19.36
-35932.53,-22179.32,-4411.1
-37766.15,-19609.22,-2096.1
41620.88,-8694.66,-810.82
-41663.17,6136.98,-2058.87
42865.01,-602.07,-1820.25
-34348.53,-25007.48,-2139.66
-38078.46,-18694.66,-828.28
-32586.41,-27720.21,-1332.03
-29289.12,-31101.89,-964.04
-6528,-311.9,0.02
-4547.83,-4709.27,-0.03
-6024.83,-2453.66,222.74
-6423.19,-1210.51,-0.57
-741.69,-6518.29,-0.57
-5666.85,4136.69,0.03
8798.61,9968.46,0
5104.48,-4790.6,0.04
-6941.13,-1427.81,0.04
-574.82,6866.61,0.03
222.03,6888.22,0.03
1807.85,6626.69,0.04
6302.66,-2809.45,0.04
5584.17,3937.98,0.04
6347.39,-988.02,-17.06
1975.21,6583.46,0.04
3237.99,-5678.93,8.26
6302.97,-2808.22,0.04
-3667.34,5393.71,10.72
6574.63,2321.46,0.04
2317.1,6482.25,0.04
42051.82,-2991.73,-38.66
30663.19,28948.98,9.29
6306.48,-2799.13,0.05
6278.69,-2860.47,0.04
41650.88,5835.19,397.99
-34886.93,-23934.23,-2299.26
1420.48,-6806.96,0.05
1521.89,-7922.75,-0.04
391.57,6942.17,0.04
6606.47,2287.97,0.05
-1065.34,-6893.75,0.04
-4016.21,-5141.07,11.39
4691.55,4531.43,0.56
10289.57,-6833.87,2791.4
1486.96,-6793.18,0.03
4106.05,-1454.04,5938.23
415.84,6941.09,0.04
-5719.1,4174.1,0.04
-3975.03,4892.27,2328.61
4865.35,-4534.93,33.54
-16998.25,-35760.31,0.03
1152.56,6902.37,0.24
1151.27,6893.87,0.3
1285.78,6866.94,0.33
1289.41,6858.44,0.03
1267.67,6857.18,-0.14
-5362.79,3706.5,45.9
-3382.9,6201.19,0.03
-6613.53,2631.59,0.03
-5833.12,3990.92,0.04
6457.95,-2687.89,0.05
6976.17,-1310.44,0.04
5083.68,-5084.74,0.04
1461.4,-6796.41,0.04
1482,-6791.89,0.04
1481.58,-6791.99,0.04
1484.04,-6791.45,0.04
2570.7,6386.09,0.03
6530.04,341.01,0.02
-2966.21,-5973.62,3.38
2189.64,1716.77,-6308.69
-1044.76,-6896.81,0.05
-2005.89,-1702.91,6355.74
5869.35,3424.09,0.04
-3311.12,-5897.11,0.04
3520.57,-6160.87,0.04
3564.48,6187.71,0.03
-4062.43,6358.91,771.37
-2208.61,6131.35,93.44
6330.19,806.29,1380.45
-39916.44,14855.42,1180.92
-30030.91,-29259.96,-5416.22
-6248.95,3277.73,0.05
-7038.78,-831.19,0.04
6895,1344.77,0.04
1510.01,-6787.9,0.04
-3807.94,-5805.89,1.75
-6744.46,1932.81,56.41
4083.64,5127.28,0.03
-6138.6,4098.86,2789.24
-8178.12,988.32,0.03
2236.37,7540.96,1487.3
-7227.85,2740.93,927.61
-4598.11,6712.08,1386.48
-7453.64,-2175.19,1454.86
5047.02,-6276.91,1624.24
-5525.23,6027.32,1445.06
-7479.57,-2253.48,1710.14
-674.09,7956.84,990.09
-6576.75,4110.57,767.26
8278.21,-1557.29,1039.57
-1388.7,7078.23,4344.79
-3311.43,7780.39,916.24
-8106.83,-2562.15,0.03
7635.44,-1762.29,0.02
2550.77,7457.77,1689.59
2004.19,8020.93,0.02
5491.02,60.45,5790.52
-4017.66,7427.87,0.02
-7820.55,1588.7,0.02
4152.08,-6951.39,930.68
-8130.47,1988.77,1506.82
-5330.81,-4881.86,3683.42
-3290.66,6678.35,2292.54
-7344.06,-774.69,2845.36
-7735.21,-941.33,0.02
-6629.1,4003.84,874.5
-1908.23,7844.63,0.02
5322.51,1435.41,5734.11
-7251.05,-474.56,4208.68
3402.39,7284.89,965.49
-6988.08,-3466.93,1478.4
5265,-5890.62,1363.81
-8138.96,-2002.7,0.03
-8303.79,484.93,1021.91
8351.35,1454.47,0.03
-7747.15,1410.51,1513.74
-6801.05,4807.64,0.02
-4361.14,-3134.58,6529.23
-2370.81,-4835.85,6439.97
5743.6,-4782.16,3696.68
983.95,-7864.28,0.02
-4732.22,-6343.95,1401.87
-6401.87,-4715.95,0.03
8075.46,471.6,0.03
-3210.52,-4254.56,6034.77
-6420.2,-4443.44,1640.04
-966.64,8035.41,1045.58
-6928.59,-1109.88,3567.64
-2443.51,7683.45,958.86
4616.53,6671.51,0.02
5790.29,-5137.87,877.41
4610.48,-2607.5,5705.5
662.59,7732.02,1376.84
2688.8,-4077.77,6057.61
191.03,-7618.47,1612.45
-5513.21,-5419.33,962.41
-4671.19,-1080.94,6131.18
2813.71,-4094.12,5992.55
-7665.64,-1124.8,825.42
-2369.83,4606.84,5811.43
-4667.98,-1105.03,6130.92
-3756.96,2987.53,6129.06
-7656.89,-1102.48,929.28
-4442.03,-6402.36,0.02
1230.34,6836.11,3523.96
6917.44,-3309.84,1374.03
-6676.12,1184.52,3831.54
1145.76,6983.67,3252.25
-5935.82,4979.79,821.82
-5905.77,5018.32,808.26
-4113.38,-2749.69,6009.5
-664.51,7704.03,957.48
2928.39,-3921.82,6052.91
-2540.45,7229.67,1406.47
4880.91,-700.79,6023.5
7425.65,-374.15,2322.92
-7611.5,-176.86,1652.48
-7743.28,-877.55,0.02
-1556.02,7635.98,0.02
-4833.27,-6112.6,0.02
-6444.53,4381.39,0.03
-7620.28,-1630.08,0.03
5733.91,-3122.64,45.03
33956.17,25151.42,2035.92
-42089.17,-2301.62,1149.71
-39453.57,-14839.84,51.78
2424.34,-6050.56,64.12
-3349.6,-5875.64,0.03
-5122.39,4035.8,57.91
-3309.75,-5896.71,0.04
-42154.67,872.11,693.21
-39024.38,-17062.34,-480.18
-39195.37,-16720.46,-65.13
-37073.93,-22653.31,-644.86
-40403.54,-14205.43,991.29
-18308.74,-37965.68,-87.22
-22680.64,-35615.71,891.07
-2375.99,42081.59,1727.52
15268.03,39474.96,1528.32
-26842.87,-32478.44,1162.74
-13062.24,40037.47,2289.17
38239.71,17762.51,-148.12
-42113.84,2100.62,576.26
42028.84,-3346.81,-23.87
-27468.05,-31992.65,-3.6
-21603.57,36209.18,30.66
38431.47,17344.93,-10.17
31327.06,-28215.07,-7.34
